Number,First Name,Last Name,Gender,Ethnicity,Disabilities,Veteran,Marital Status,Coding Experience (Years),Coding Experience (Languages),Education,Major,Address,Internship,Industry Experience
1,John,Smith,Male,White,No,Yes,Married,5,"Python, Java",Bachelor's Degree,Computer Science,"123 Elm St, Apt 1, Springfield, IL 62704",Yes,3
2,Emily,Johnson,Female,Black,No,No,Single,2,Python,Associate's Degree,Chemical Engineering,"456 Oak Dr, Apt 2, Atlanta, GA 30303",Yes,1
3,Sarah,Lee,Female,Asian,No,No,Married,4,"JavaScript, Python",Bachelor's Degree,Informatics,"789 Pine Rd, Apt 3, San Francisco, CA 94102",Yes,2
4,Hiroshi,Yamamoto,Male,Asian,No,Yes,Married,6,"C++, Python",Master's Degree,Civil Engineering,"1010 Willow St, Apt 13, Seattle, WA 98101",Yes,3
5,Michelle,Williams,Female,Hispanic,No,No,Married,6,"C++, Python",Bachelor's Degree,Math,"202 Birch Ln, Apt 5, Miami, FL 33101",Yes,4
6,James,Davis,Male,Black,No,Yes,Single,1,Python,High School Diploma,Physics,"303 Cedar Ave, Apt 6, Detroit, MI 48201",No,0
7,Yumi,Tanaka,Female,Asian,No,No,Single,4,"Python, JavaScript",Bachelor's Degree,Biology,"909 Maple St, Apt 12, San Francisco, CA 94102",Yes,2
8,Mei,Wong,Female,Asian,No,No,Married,3,"JavaScript, Python",Bachelor's Degree,Electrical Engineering,"1818 Spruce St, Apt 21, New York, NY 10001",Yes,2
9,Li,Zhang,Male,Asian,No,Yes,Divorced,4,"JavaScript, Python",Bachelor's Degree,Chemistry,"1212 Cedarwood Rd, Apt 15, Los Angeles, CA 90001",Yes,2
10,Hassan,Khan,Male,Asian,No,Yes,Married,3,Python,Bachelor's Degree,Statistics,"303 Oak St, Apt 6, Houston, TX 77001",Yes,1
11,Jin,Park,Male,Asian,No,No,Married,3,"Python, JavaScript",Bachelor's Degree,Aerospace Engineering,"2222 Sycamore Blvd, Apt 25, Los Angeles, CA 90001",Yes,2
12,Yuki,Nakamura,Female,Asian,No,Yes,Divorced,4,"C++, Python",Master's Degree,Data Science,"2323 Birch Rd, Apt 26, San Francisco, CA 94102",No,3
13,Suresh,Patel,Male,Asian,No,Yes,Married,5,Python,Bachelor's Degree,Industrial Engineering,"404 Pine St, Apt 9, Dallas, TX 75001",Yes,2
14,Aisha,Ahmad,Female,Middle Eastern,No,No,Married,4,"Python, JavaScript",Bachelor's Degree,Earth Sciences,"505 Cedar St, Apt 3, Chicago, IL 60601",Yes,2
15,Raj,Singh,Male,Asian,No,Yes,Single,2,Python,High School Diploma,Health Sciences,"606 Willow Blvd, Apt 18, Los Angeles, CA 90001",No,1
16,Linh,Nguyen,Female,Asian,No,No,Married,3,"Python, Java",Bachelor's Degree,Computer Science,"707 Sycamore Rd, Apt 15, Miami, FL 33101",Yes,2
17,Rashid,Abdullah,Male,Middle Eastern,No,Yes,Married,5,"C++, Python",Master's Degree,BioMedical Engineering,"808 Redwood Ln, Apt 7, New York, NY 10001",Yes,3
18,Nguyen,Pham,Male,Southeast Asian,No,No,Married,4,JavaScript,Bachelor's Degree,Informatics,"909 Maple Rd, Apt 20, San Francisco, CA 94102",Yes,2
19,Zainab,Mohammed,Female,Middle Eastern,No,No,Married,3,Python,Bachelor's Degree,Chemical Engineering,"1010 Elmwood Dr, Apt 11, Seattle, WA 98101",Yes,2
20,Kamal,Singh,Male,Asian,No,No,Single,2,Python,Associate's Degree,Math,"1111 Willow Blvd, Apt 12, Las Vegas, NV 89101",Yes,1
21,Mai,Nguyen,Female,Asian,No,No,Divorced,4,"C++, Python",Bachelor's Degree,Biology,"1212 Birch St, Apt 22, Boston, MA 02101",Yes,3
22,Azhar,Hussein,Male,Middle Eastern,No,No,Married,5,Python,Master's Degree,Physics,"1313 Cedarwood Dr, Apt 14, Dallas, TX 75001",Yes,3
23,Sunil,Mehta,Male,Asian,No,Yes,Married,3,"Python, JavaScript",Bachelor's Degree,Electrical Engineering,"1414 Oak St, Apt 25, Philadelphia, PA 19101",Yes,2
24,Yasmin,Al-Sharif,Female,Middle Eastern,No,No,Married,4,Python,Bachelor's Degree,Chemistry,"1515 Maple St, Apt 28, Seattle, WA 98101",Yes,2
25,Ravi,Kapoor,Male,Asian,No,Yes,Divorced,6,"C++, Python",Master's Degree,Statistics,"1616 Redwood Rd, Apt 17, San Diego, CA 92101",Yes,4
26,Asim,Ali,Male,Middle Eastern,No,No,Married,4,Python,Bachelor's Degree,Aerospace Engineering,"1717 Spruce Rd, Apt 13, New York, NY 10001",Yes,2
27,Shanti,Bhatt,Female,Asian,No,No,Married,3,JavaScript,Bachelor's Degree,Data Science,"1818 Cedar Ave, Apt 23, Chicago, IL 60601",Yes,2
28,Ali,Shah,Male,Middle Eastern,No,No,Married,2,Python,High School Diploma,Civil Engineering,"1919 Sycamore St, Apt 8, Atlanta, GA 30303",No,1
29,Shaniqua,Brown,Female,Black,No,No,Married,4,"Python, JavaScript",Bachelor's Degree,Health Sciences,"303 Cedar St, Apt 6, Detroit, MI 48201",Yes,2
30,Charles,Harris,Male,White,Yes,Yes,Single,7,"C++, Python",Master's Degree,Industrial Engineering,"404 Spruce Blvd, Apt 7, New York, NY 10001",No,5
31,Tyrone,Jackson,Male,Black,No,No,Divorced,3,"Python, Java",Bachelor's Degree,Computer Science,"505 Oak St, Apt 8, Chicago, IL 60601",Yes,2
32,Karen,Thompson,Female,White,No,No,Married,3,"JavaScript, Python",Bachelor's Degree,Informatics,"606 Pine Rd, Apt 9, Seattle, WA 98101",Yes,2
33,Kimberly,White,Female,White,No,No,Single,4,Python,High School Diploma,Chemical Engineering,"707 Willow St, Apt 10, Atlanta, GA 30303",No,1
34,Rashad,Robinson,Male,Black,No,Yes,Married,2,Python,Associate's Degree,BioMedical Engineering,"808 Redwood St, Apt 11, Dallas, TX 75001",Yes,1
35,Patricia,Johnson,Female,White,No,No,Married,6,JavaScript,Master's Degree,Math,"909 Cedarwood Blvd, Apt 12, San Diego, CA 92101",Yes,4
36,James,Clark,Male,White,No,Yes,Divorced,5,"C++, Python",Bachelor's Degree,Earth Sciences,"1010 Birch Rd, Apt 13, Boston, MA 02101",Yes,3
37,Keith,Davis,Male,Black,No,No,Single,3,Python,High School Diploma,Electrical Engineering,"1111 Spruce Ave, Apt 14, Houston, TX 77001",No,2
38,Jessica,Lewis,Female,White,No,Yes,Divorced,4,Python,Bachelor's Degree,Physics,"1212 Willow St, Apt 15, Phoenix, AZ 85001",Yes,2
39,Derrick,White,Male,Black,No,No,Married,6,"Python, JavaScript",Master's Degree,Biology,"1313 Oak St, Apt 16, New York, NY 10001",No,4
40,Jennifer,Moore,Female,White,No,No,Married,2,Python,Bachelor's Degree,Data Science,"1414 Cedarwood Dr, Apt 17, Philadelphia, PA 19101",Yes,1
41,Robert,Johnson,Male,White,No,Yes,Single,4,JavaScript,Bachelor's Degree,Aerospace Engineering,"1515 Spruce Ln, Apt 18, Seattle, WA 98101",Yes,2
42,Kimberly,Johnson,Female,Black,No,No,Divorced,6,"C++, Python",Bachelor's Degree,Health Sciences,"1616 Oak Rd, Apt 19, Dallas, TX 75001",Yes,3
43,Anthony,Harris,Male,Black,No,Yes,Single,4,Python,Bachelor's Degree,Industrial Engineering,"1717 Maple St, Apt 20, Atlanta, GA 30303",Yes,2
44,Michael,Davis,Male,White,No,No,Married,3,JavaScript,Associate's Degree,Chemistry,"1818 Spruce Blvd, Apt 21, Miami, FL 33101",Yes,2
45,Ebony,Thompson,Female,Black,No,No,Married,4,"Python, JavaScript",Bachelor's Degree,Computer Science,"1919 Willow Rd, Apt 22, Chicago, IL 60601",Yes,2
46,George,Brown,Male,White,No,Yes,Divorced,6,"C++, Python",Master's Degree,Civil Engineering,"2020 Cedarwood Rd, Apt 23, Boston, MA 02101",No,3
47,Sharice,Clark,Female,Black,No,No,Single,3,Python,Associate's Degree,Informatics,"2121 Maple Ave, Apt 24, Seattle, WA 98101",Yes,2
48,Grace,Williams,Female,White,No,No,Married,5,"Python, JavaScript",Bachelor's Degree,Chemical Engineering,"2222 Cedarwood Blvd, Apt 25, Los Angeles, CA 90001",Yes,2
49,Gregory,Johnson,Male,White,No,Yes,Married,7,Python,Master's Degree,Math,"2323 Oak Dr, Apt 26, San Francisco, CA 94102",No,5
50,Dominique,Roberts,Male,Black,No,Yes,Divorced,2,Python,Associate's Degree,Physics,"2424 Birch Ln, Apt 27, Dallas, TX 75001",Yes,1
51,Kimberly,Martinez,Female,Hispanic,No,No,Divorced,6,"C++, Python",Bachelor's Degree,BioMedical Engineering,"2525 Sycamore Dr, Apt 28, Los Angeles, CA 90001",Yes,4
52,Deborah,Johnson,Female,White,No,No,Married,3,Python,High School Diploma,Electrical Engineering,"2626 Spruce Blvd, Apt 29, Chicago, IL 60601",Yes,2
53,Frederick,Wright,Male,Black,No,No,Married,3,"Python, Java",Bachelor's Degree,Statistics,"2727 Oak Dr, Apt 30, Philadelphia, PA 19101",No,2
54,David,Wilson,Male,White,No,No,Divorced,6,"C++, Python",Master's Degree,Data Science,"2828 Cedar Rd, Apt 31, Miami, FL 33101",Yes,4
55,Tamara,Lewis,Female,Black,No,No,Married,4,Python,Bachelor's Degree,Aerospace Engineering,"2929 Maple Ave, Apt 32, Seattle, WA 98101",Yes,2
56,Aaron,Thompson,Male,White,No,Yes,Single,4,Python,Bachelor's Degree,Earth Sciences,"3030 Spruce Blvd, Apt 33, San Francisco, CA 94102",Yes,2
57,Carolina,Castillo,Female,Hispanic,No,No,Married,2,"C++, Python",Bachelor's Degree,Biology,"2525 Spruce Rd, Apt 25, Chicago, IL 60601",Yes,2
58,Diego,Moreno,Male,Hispanic,No,No,Divorced,3,"C++, Python",Master's Degree,Industrial Engineering,"2626 Willow Blvd, Apt 26, Dallas, TX 75001",No,4
59,Alberto,Gómez,Male,Hispanic,No,Yes,Married,3,Python,Bachelor's Degree,Health Sciences,"2727 Sycamore Dr, Apt 27, Seattle, WA 98101",Yes,3
60,Laura,García,Female,Hispanic,No,No,Married,4,Python,Bachelor's Degree,Chemistry,"2828 Cedar Rd, Apt 28, San Francisco, CA 94102",Yes,2
61,Benjamin,Schmidt,Male,White,No,Yes,Married,3,Python,Bachelor's Degree,Computer Science,"2929 Oak Rd, Apt 29, Los Angeles, CA 90001",Yes,2
62,Luigi,Romano,Male,European,No,No,Married,4,"Python, C++",Bachelor's Degree,Civil Engineering,"3030 Spruce Blvd, Apt 30, New York, NY 10001",Yes,3
63,Maria,Alvarez,Female,Hispanic,No,No,Married,5,"JavaScript, Python",Bachelor's Degree,Informatics,"909 Maple Rd, Apt 13, Houston, TX 77001",Yes,3
64,Boris,Ivanov,Male,White,No,No,Married,4,"Python, JavaScript",Bachelor's Degree,Chemical Engineering,"1010 Cedar Blvd, Apt 14, San Diego, CA 92101",Yes,3
65,Ingrid,Johansson,Female,White,No,No,Divorced,3,Python,Bachelor's Degree,Math,"1111 Willow St, Apt 15, San Francisco, CA 94102",No,2
66,Andre,Dupont,Male,White,No,Yes,Single,5,"C++, Python",Bachelor's Degree,Physics,"1212 Oak Blvd, Apt 16, Miami, FL 33101",Yes,3
67,Sophie,Müller,Female,White,No,No,Married,3,Python,Bachelor's Degree,Data Science,"1313 Spruce Rd, Apt 17, New York, NY 10001",Yes,2
68,Dimitri,Volkov,Male,White,No,No,Married,4,"Python, C++",Bachelor's Degree,Electrical Engineering,"1414 Cedarwood Ln, Apt 18, Chicago, IL 60601",Yes,3
69,Anna,Rossi,Female,White,No,No,Divorced,3,"JavaScript, Python",Associate's Degree,BioMedical Engineering,"1515 Redwood St, Apt 19, Seattle, WA 98101",No,2
70,Tomislav,Novak,Male,White,No,Yes,Single,2,Python,Associate's Degree,Statistics,"1616 Birch Ln, Apt 20, Boston, MA 02101",No,1
71,Karolina,Nowak,Female,White,No,No,Married,3,"Python, Java",Bachelor's Degree,Aerospace Engineering,"1717 Willow Rd, Apt 21, San Francisco, CA 94102",Yes,2
72,Boris,Ivanov,Male,White,No,Yes,Divorced,4,Python,Bachelor's Degree,Biology,"1818 Spruce St, Apt 22, Los Angeles, CA 90001",Yes,2
73,Viktor,Kravchenko,Male,White,No,No,Married,5,"JavaScript, Python",Bachelor's Degree,Health Sciences,"1919 Maple Blvd, Apt 23, Atlanta, GA 30303",Yes,3
74,Katarina,Andersson,Female,White,No,No,Married,4,"C++, Python",Bachelor's Degree,Industrial Engineering,"2020 Cedar Rd, Apt 24, Seattle, WA 98101",Yes,3
75,Nikola,Vukovic,Male,White,No,Yes,Married,6,"Python, C++",Master's Degree,Earth Sciences,"2121 Birch Rd, Apt 25, Dallas, TX 75001",No,4
76,Elena,Petrova,Female,White,No,No,Married,3,Python,Bachelor's Degree,Chemistry,"2222 Spruce Ln, Apt 26, Chicago, IL 60601",Yes,2
77,Yannick,Dupont,Male,White,No,No,Married,4,"JavaScript, Python",Bachelor's Degree,Computer Science,"2323 Maple Blvd, Apt 27, New York, NY 10001",Yes,2
78,Anna,Müller,Female,White,No,No,Married,5,"Python, Java",Bachelor's Degree,Civil Engineering,"2424 Cedar Blvd, Apt 28, Los Angeles, CA 90001",Yes,3
79,Giovanni,Rossi,Male,White,No,Yes,Divorced,3,"C++, Python",Bachelor's Degree,Informatics,"2525 Willow Blvd, Apt 29, San Francisco, CA 94102",Yes,2
80,Boris,Ivanov,Male,White,No,No,Married,4,"Python, Java",Bachelor's Degree,Chemical Engineering,"505 Willow Blvd, Apt 9, San Francisco, CA 94102",Yes,2
81,Sofia,González,Female,Hispanic,No,No,Married,4,"C++, Python",Bachelor's Degree,Math,"606 Cedarwood Ln, Apt 10, Dallas, TX 75001",Yes,3
82,Dmitry,Volkov,Male,White,No,No,Divorced,3,"JavaScript, Python",Bachelor's Degree,Physics,"707 Cedar Rd, Apt 11, Chicago, IL 60601",No,2
83,Thao,Nguyen,Female,Asian,No,No,Married,3,Python,Bachelor's Degree,BioMedical Engineering,"808 Spruce St, Apt 12, Houston, TX 77001",Yes,2
84,Carlos,Sánchez,Male,Hispanic,No,Yes,Married,4,"C++, Python",Bachelor's Degree,Electrical Engineering,"909 Maple Blvd, Apt 13, Los Angeles, CA 90001",Yes,3
85,Tatiana,Petrova,Female,White,No,No,Single,3,Python,Bachelor's Degree,Data Science,"1010 Cedarwood St, Apt 14, New York, NY 10001",Yes,2
86,Samuel,Castillo,Male,Hispanic,No,No,Divorced,5,"Python, JavaScript",Bachelor's Degree,Statistics,"1111 Willow Blvd, Apt 15, Miami, FL 33101",No,3
87,Jan,Nowak,Male,White,No,Yes,Married,4,"C++, Python",Bachelor's Degree,Aerospace Engineering,"1212 Oak Ln, Apt 16, Seattle, WA 98101",Yes,2
88,Akira,Tran,Male,Asian,No,No,Married,6,Python,Master's Degree,Biology,"1313 Birch St, Apt 17, San Francisco, CA 94102",Yes,4
89,Andrea,Hernández,Female,Hispanic,No,No,Married,3,"Python, Java",Bachelor's Degree,Health Sciences,"1414 Spruce Blvd, Apt 18, Los Angeles, CA 90001",Yes,2
90,Valentina,Novak,Female,White,No,No,Married,4,"Python, Java",Bachelor's Degree,Industrial Engineering,"1515 Willow Blvd, Apt 19, Chicago, IL 60601",Yes,3
91,Erik,Müller,Male,European,No,Yes,Divorced,3,JavaScript,Bachelor's Degree,Earth Sciences,"1616 Cedar Ln, Apt 20, Miami, FL 33101",No,2
92,Mila,Petrova,Female,White,No,No,Married,3,Python,Bachelor's Degree,Chemistry,"1717 Maple Blvd, Apt 21, New York, NY 10001",Yes,2
93,Thi,Le,Female,Asian,No,No,Married,2,Python,Associate's Degree,Computer Science,"1818 Cedarwood St, Apt 22, Seattle, WA 98101",Yes,1
94,Carlos,López,Male,Hispanic,No,Yes,Single,4,"Python, JavaScript",Bachelor's Degree,Civil Engineering,"1919 Birch Ln, Apt 23, San Francisco, CA 94102",Yes,2
95,Ivan,Petrov,Male,White,No,No,Married,6,"C++, Python",Master's Degree,Informatics,"2020 Cedar Blvd, Apt 24, Chicago, IL 60601",Yes,4
96,Paolo,Rossi,Male,European,No,No,Married,5,Python,Bachelor's Degree,Chemical Engineering,"2121 Oak Rd, Apt 25, Los Angeles, CA 90001",Yes,3
97,Maria,Rodríguez,Female,Hispanic,No,No,Married,4,"Python, JavaScript",Bachelor's Degree,Math,"2222 Spruce Blvd, Apt 26, Miami, FL 33101",Yes,2
98,Natalia,Petrova,Female,White,No,No,Married,4,Python,Bachelor's Degree,Physics,"2323 Willow Blvd, Apt 27, Seattle, WA 98101",Yes,2
99,Jessica,Lewis,Female,White,No,Yes,Married,6,"Python, C++",Bachelor's Degree,Data Science,"909 Maple Rd, Apt 12, San Francisco, CA 94102",No,3
100,Christopher,Clark,Male,White,No,No,Married,7,"Python, Java",Master's Degree,Electrical Engineering,"1010 Oak St, Apt 13, Houston, TX 77001",Yes,4
101,Victoria,Walker,Female,White,No,No,Divorced,3,Python,Bachelor's Degree,Information Technology,"1111 Birch Blvd, Apt 14, Dallas, TX 75001",Yes,2
102,Kimo,Kalani,Male,Pacific Islander,No,Yes,Married,4,Python,Bachelor's Degree,Information Tech,"456 Cedar St, Apt 2, Hilo, HI 96720",Yes,3
103,Moana,Aloha,Female,Pacific Islander,No,No,Single,2,Python,Associate's Degree,Information Tech,"789 Willow Dr, Apt 3, Maui, HI 96753",Yes,1
104,Akela,Mahelona,Male,Pacific Islander,No,No,Married,5,"Python, Java",Bachelor's Degree,Computer Science,"101 Maple Ln, Apt 4, Oahu, HI 96857",Yes,4
105,Kalani,Manu,Female,Pacific Islander,No,Yes,Divorced,4,JavaScript,Bachelor's Degree,Computer Science,"202 Birch Rd, Apt 5, Kailua-Kona, HI 96740",No,2
106,Tatanka,Whitehorse,Male,Native American,No,Yes,Married,6,Python,Bachelor's Degree,Computer Science,"303 Spruce Blvd, Apt 6, Rapid City, SD 57701",Yes,3
107,Wachiwi,Red Feather,Female,Native American,No,No,Single,3,Python,Bachelor's Degree,Information Tech,"404 Cedarwood Ln, Apt 7, Bismarck, ND 58501",Yes,2
108,Kamea,Kealoha,Female,Pacific Islander,No,No,Divorced,5,"Python, Java",Bachelor's Degree,Information Tech,"505 Oak St, Apt 8, Maui, HI 96753",Yes,3
109,Chaska,Swift Eagle,Male,Native American,No,No,Married,4,"Python, C++",Bachelor's Degree,Computer Science,"606 Maple Blvd, Apt 9, Billings, MT 59101",Yes,2
110,Mahina,Kapono,Female,Pacific Islander,No,No,Married,3,JavaScript,Bachelor's Degree,Information Tech,"707 Birch Rd, Apt 10, Honolulu, HI 96814",No,2
111,Rani,Singh,Female,South Asian,No,No,Married,3,Python,Bachelor's Degree,Computer Science,"123 Willow Rd, Apt 1, New York, NY 10001",,2
112,John,Smith,Male,White,No,Yes,Divorced,5,"Python, Java",Bachelor's Degree,Informatics,"456 Oak Dr, Apt 2, Chicago, IL 60601",,3
113,Elizabeth,Garcia,Female,Hispanic,No,No,Married,6,"Python, JavaScript",Master's Degree,Bioinformatics,"789 Cedar Ln, Apt 3, Miami, FL 33101",,4
114,Hiroshi,Tanaka,Male,East Asian,Yes,Yes,Single,7,"Python, JavaScript",Bachelor's Degree,Computer Science,"101 Maple Blvd, Apt 4, San Francisco, CA 94102",,5
115,Angela,Johnson,Female,Black,No,No,Married,4,Python,Bachelor's Degree,Chemistry,"202 Spruce Rd, Apt 5, Atlanta, GA 30303",,2
116,Omar,Khalid,Male,Middle Eastern,No,No,Married,3,Python,Associate's Degree,Information Tech,"303 Cedarwood Ln, Apt 6, Houston, TX 77001",,2
117,Akela,Kealoha,Male,Pacific Islander,No,Yes,Divorced,2,Python,High School Diploma,Informatics,"404 Oak Blvd, Apt 7, Honolulu, HI 96814",,1
118,Tatanka,Whitehorse,Male,Native American,Yes,No,Married,5,"Python, C++",Bachelor's Degree,Computer Science,"505 Maple Rd, Apt 8, Rapid City, SD 57701",,3
119,Fatima,Ali,Female,Middle Eastern,No,No,Single,4,"Python, JavaScript",Bachelor's Degree,Computer Science,"606 Pine Ln, Apt 9, Los Angeles, CA 90001",,2
120,Juan,Ramirez,Male,Hispanic,No,Yes,Married,3,"Python, Java",Associate's Degree,Computer Engineering,"707 Spruce Blvd, Apt 10, Phoenix, AZ 85001",,1
121,Svetlana,Ivanova,Female,Eastern European,No,No,Married,4,Python,Bachelor's Degree,Mathematics,"808 Willow Rd, Apt 11, Chicago, IL 60601",,2
122,Samantha,Brown,Female,White,No,No,Married,2,Python,Bachelor's Degree,Bioengineering,"909 Cedarwood Ln, Apt 12, San Francisco, CA 94102",,1
123,Li,Chen,Male,East Asian,No,No,Married,5,"Python, C++",Bachelor's Degree,Computer Science,"1010 Oak Rd, Apt 13, San Francisco, CA 94102",,3
124,Natasha,Singh,Female,South Asian,No,No,Married,3,"Python, JavaScript",Bachelor's Degree,Computer Science,"1111 Birch Blvd, Apt 14, New York, NY 10001",,2
125,Alexander,Schmidt,Male,European,No,No,Married,4,Python,Bachelor's Degree,Chemistry,"1212 Willow Rd, Apt 15, Seattle, WA 98101",,2
126,Tamara,Walker,Female,Black,No,No,Married,6,"Python, C++",Bachelor's Degree,Computer Science,"1313 Spruce Rd, Apt 16, Miami, FL 33101",,4
127,Paolo,Rossi,Male,European,No,Yes,Divorced,5,"Python, Java",Bachelor's Degree,Physics,"1414 Cedar Blvd, Apt 17, New York, NY 10001",,3
128,Vanessa,Martinez,Female,Hispanic,No,No,Divorced,4,Python,Bachelor's Degree,Computer Science,"1515 Maple Ln, Apt 18, Dallas, TX 75001",,2
129,Adam,Miller,Male,White,No,No,Married,3,"Python, Java",Bachelor's Degree,Information Tech,"1616 Cedarwood Rd, Apt 19, Atlanta, GA 30303",,2
130,Emily,Smith,Female,White,No,No,Divorced,6,"Python, C++",Master's Degree,Computer Science,"1717 Oak Blvd, Apt 20, Philadelphia, PA 19101",,3
131,Daniel,White,Male,White,No,No,Married,5,Python,Bachelor's Degree,Mechanical Engineering,"1818 Cedar Rd, Apt 21, San Francisco, CA 94102",,3
132,Diana,Martínez,Female,Hispanic,No,No,Married,3,Python,Bachelor's Degree,Computer Engineering,"1919 Birch Ln, Apt 22, Los Angeles, CA 90001",,2
133,Jacob,Wilson,Male,White,No,Yes,Married,4,Python,Bachelor's Degree,Computer Science,"2020 Maple Blvd, Apt 23, Miami, FL 33101",,2
134,Omar,Khan,Male,South Asian,No,No,Divorced,3,Python,Bachelor's Degree,Information Tech,"2121 Spruce Rd, Apt 24, New York, NY 10001",,2
135,Aisha,Ahmad,Female,Middle Eastern,No,No,Single,4,"Python, Java",Bachelor's Degree,Computer Science,"2323 Cedarwood Rd, Apt 25, Phoenix, AZ 85001",,3
136,Sofia,González,Female,Hispanic,No,No,Married,6,Python,Bachelor's Degree,Computer Science,"2424 Willow Rd, Apt 26, Los Angeles, CA 90001",,3
137,Brian,Moore,Male,White,No,Yes,Married,3,"Python, Java",Bachelor's Degree,Computer Science,"2525 Oak Blvd, Apt 27, San Francisco, CA 94102",,2
138,Natasha,Singh,Female,South Asian,No,No,Married,4,"Python, Java",Bachelor's Degree,Computer Science,"2626 Cedar Blvd, Apt 28, New York, NY 10001",,3
139,Joseph,Johnson,Male,Black,No,No,Married,5,Python,Bachelor's Degree,Computer Science,"2727 Spruce Ln, Apt 29, Atlanta, GA 30303",,3
140,Mary,White,Female,White,No,No,Married,2,Python,Associate's Degree,Information Tech,"2828 Willow Rd, Apt 30, Miami, FL 33101",,2
141,Michael,Williams,Male,White,No,No,Married,4,Python,Bachelor's Degree,Computer Science,"123 Oak St, Apt 1, Dallas, TX 75201",,3
142,Lakota,Redbird,Female,Native American,No,Yes,Single,3,Python,Associate's Degree,Informatics,"456 Cedarwood Rd, Apt 2, Rapid City, SD 57701",,2
143,Maria,Ramirez,Female,Hispanic,No,No,Married,5,"Python, C++",Bachelor's Degree,Computer Engineering,"789 Spruce Ln, Apt 3, Miami, FL 33101",,4
144,Hiroshi,Tanaka,Male,East Asian,No,Yes,Divorced,6,"Python, JavaScript",Bachelor's Degree,Computer Science,"101 Maple Blvd, Apt 4, San Francisco, CA 94102",,5
145,Tatiana,Petrova,Female,Eastern European,No,No,Married,4,Python,Bachelor's Degree,Chemistry,"202 Willow Rd, Apt 5, New York, NY 10001",,3
146,Jorge,González,Male,Hispanic,No,No,Married,4,"Python, Java",Bachelor's Degree,Computer Science,"303 Oak Blvd, Apt 6, Los Angeles, CA 90001",,2
147,Patricia,Smith,Female,White,No,No,Married,3,"Python, C++",Bachelor's Degree,Computer Science,"404 Cedar Blvd, Apt 7, Atlanta, GA 30303",,2
148,Akela,Kealoha,Male,Pacific Islander,No,No,Married,5,"Python, C++",Bachelor's Degree,Information Tech,"505 Pine St, Apt 8, Honolulu, HI 96814",,3
149,Claire,Evans,Female,White,No,Yes,Divorced,4,Python,Bachelor's Degree,Bioinformatics,"606 Maple Rd, Apt 9, Chicago, IL 60601",,2
150,Chaska,Swift Eagle,Male,Native American,No,Yes,Married,6,"Python, C++",Bachelor's Degree,Computer Science,"707 Cedarwood Ln, Apt 10, Rapid City, SD 57701",,3
151,Lani,Kapono,Female,Pacific Islander,No,No,Married,3,Python,Bachelor's Degree,Computer Science,"808 Oak Blvd, Apt 11, Honolulu, HI 96814",,2
152,Sunil,Mehta,Male,South Asian,No,No,Married,4,"Python, Java",Bachelor's Degree,Computer Engineering,"909 Spruce Ln, Apt 12, Seattle, WA 98101",,2
153,Brittany,Johnson,Female,Black,No,No,Married,2,Python,Associate's Degree,Information Tech,"1010 Cedar Rd, Apt 13, Miami, FL 33101",,1
154,Carlos,Sánchez,Male,Hispanic,No,No,Divorced,3,"Python, C++",Bachelor's Degree,Computer Science,"1111 Oak Blvd, Apt 14, Los Angeles, CA 90001",,2
155,Hassan,Ali,Male,Middle Eastern,No,No,Single,4,"Python, Java",Bachelor's Degree,Computer Science,"1212 Maple Blvd, Apt 15, New York, NY 10001",,3
156,Mariah,Brown,Female,White,No,No,Married,3,Python,Bachelor's Degree,Chemistry,"1313 Cedar Rd, Apt 16, San Francisco, CA 94102",,2
157,Shanti,Bhatt,Female,South Asian,No,Yes,Married,4,"Python, JavaScript",Bachelor's Degree,Computer Science,"1414 Willow Rd, Apt 17, Dallas, TX 75001",,3
158,Liam,Johnson,Male,White,No,No,Married,6,Python,Bachelor's Degree,Bioinformatics,"1515 Oak Blvd, Apt 18, Philadelphia, PA 19101",,4
159,Jacob,Wilson,Male,White,No,Yes,Divorced,5,"Python, JavaScript",Bachelor's Degree,Computer Science,"1616 Cedarwood Ln, Apt 19, Seattle, WA 98101",,3
160,Vanessa,González,Female,Hispanic,No,No,Married,3,Python,Bachelor's Degree,Computer Engineering,"1717 Maple Rd, Apt 20, Los Angeles, CA 90001",,2
161,Tatiana,Petrova,Female,Eastern European,No,No,Married,4,Python,Bachelor's Degree,Mathematics,"1818 Willow Rd, Apt 21, New York, NY 10001",,2
162,Kimberly,Thompson,Female,Black,No,No,Divorced,3,Python,Associate's Degree,Information Tech,"1919 Oak Blvd, Apt 22, Miami, FL 33101",,2
163,Malia,Kapono,Female,Pacific Islander,No,No,Married,5,"Python, Java",Bachelor's Degree,Computer Science,"2020 Cedar Rd, Apt 23, Honolulu, HI 96814",,3
164,Samuel,White,Male,White,No,Yes,Married,4,Python,Bachelor's Degree,Mechanical Engineering,"2121 Cedarwood Blvd, Apt 24, Dallas, TX 75001",,2
165,Andrei,Ivanov,Male,Eastern European,No,No,Married,3,"Python, C++",Bachelor's Degree,Computer Science,"2323 Willow Rd, Apt 25, San Francisco, CA 94102",,2
166,Tala,Storm,Female,Native American,No,No,Married,3,Python,Bachelor's Degree,Computer Science,"2424 Spruce Blvd, Apt 26, Rapid City, SD 57701",,2
167,Patrick,O'Sullivan,Male,European,No,Yes,Married,4,"Python, Java",Bachelor's Degree,Computer Science,"2525 Cedarwood Rd, Apt 27, New York, NY 10001",,3
168,Rashid,Abdullah,Male,Middle Eastern,No,No,Divorced,5,Python,Bachelor's Degree,Computer Engineering,"2626 Oak Blvd, Apt 28, Phoenix, AZ 85001",,3
169,Natalie,Johnson,Female,White,No,Yes,Married,2,Python,Associate's Degree,Information Tech,"2727 Maple Rd, Apt 29, Philadelphia, PA 19101",,2
170,James,Smith,Male,White,No,Yes,Married,4,"Python, JavaScript",Bachelor's Degree,Computer Science,"2828 Oak Ln, Apt 30, Chicago, IL 60601",,2
171,Rashida,Walker,Female,Black,No,No,Divorced,6,"Python, C++",Bachelor's Degree,Bioengineering,"3030 Cedarwood Ln, Apt 31, New York, NY 10001",,4
172,Mateo,Ramírez,Male,Hispanic,No,Yes,Married,4,Python,Bachelor's Degree,Computer Engineering,"3131 Willow Blvd, Apt 32, Los Angeles, CA 90001",,3
173,Samuel,Jackson,Male,Black,No,Yes,Married,3,Python,Associate's Degree,Information Tech,"3232 Cedarwood Rd, Apt 33, Miami, FL 33101",,2
174,Yumi,Lee,Female,East Asian,No,No,Married,4,"Python, JavaScript",Bachelor's Degree,Computer Science,"3333 Maple Rd, Apt 34, San Francisco, CA 94102",,3
175,Lakota,Redbird,Female,Native American,No,No,Single,3,Python,Associate's Degree,Informatics,"202 Birch Ln, Apt 5, Rapid City, SD 57701",,2
176,Juan,Ramirez,Male,Hispanic,No,No,Married,3,"Python, JavaScript",Associate's Degree,Computer Science,"303 Willow Rd, Apt 6, Los Angeles, CA 90001",,2
177,Samantha,Walker,Female,White,No,No,Divorced,2,Python,Bachelor's Degree,Computer Science,"404 Spruce Blvd, Apt 7, Seattle, WA 98101",,1
178,Boris,Ivanov,Male,Eastern European,No,No,Married,5,Python,Bachelor's Degree,Mathematics,"505 Pine St, Apt 8, New York, NY 10001",,3
179,Akela,Kealoha,Male,Pacific Islander,No,Yes,Married,4,Python,Bachelor's Degree,Information Tech,"606 Cedar Rd, Apt 9, Honolulu, HI 96814",,2
180,Angela,Johnson,Female,Black,Yes,No,Married,5,"Python, C++",Master's Degree,Informatics,"707 Willow Ln, Apt 10, Atlanta, GA 30303",,4
181,Anika,Patel,Female,South Asian,No,No,Divorced,3,"Python, JavaScript",Bachelor's Degree,Computer Science,"808 Cedarwood Rd, Apt 11, Dallas, TX 75201",,2
182,Yumi,Nakamura,Female,East Asian,No,No,Married,4,Python,Bachelor's Degree,Bioinformatics,"909 Oak Blvd, Apt 12, San Francisco, CA 94102",,3
183,Miguel,González,Male,Hispanic,No,No,Married,3,"Python, Java",Bachelor's Degree,Computer Science,"1010 Willow Rd, Apt 13, Phoenix, AZ 85001",,2
184,Omar,Khalid,Male,Middle Eastern,No,Yes,Married,5,"Python, C++",Bachelor's Degree,Computer Science,"1111 Birch Blvd, Apt 14, Los Angeles, CA 90001",,4
185,Ioane,Mahelona,Male,Pacific Islander,No,Yes,Married,6,Python,Bachelor's Degree,Computer Science,"1212 Oak Rd, Apt 15, Honolulu, HI 96814",,5
186,Rashid,Abdullah,Male,Middle Eastern,No,No,Married,4,"Python, Java",Bachelor's Degree,Computer Engineering,"1313 Cedarwood Ln, Apt 16, New York, NY 10001",,3
187,Teo,Yang,Male,East Asian,No,No,Married,3,Python,Associate's Degree,Information Tech,"1414 Maple Blvd, Apt 17, Seattle, WA 98101",,2
188,Sofia,Garcia,Female,Hispanic,No,No,Married,2,Python,Bachelor's Degree,Computer Science,"1515 Spruce Rd, Apt 18, San Francisco, CA 94102",,1
189,Isidro,Martinez,Male,Hispanic,No,Yes,Married,5,"Python, Java",Master's Degree,Computer Science,"1616 Cedar Rd, Apt 19, Los Angeles, CA 90001",,3
190,Shanti,Bhatt,Female,South Asian,No,No,Married,4,Python,Bachelor's Degree,Computer Engineering,"1717 Willow Blvd, Apt 20, New York, NY 10001",,2
191,Valentina,Petrova,Female,Eastern European,No,No,Divorced,3,Python,Bachelor's Degree,Mathematics,"1818 Birch Blvd, Apt 21, Chicago, IL 60601",,2
192,Carlos,Sanchez,Male,Hispanic,No,No,Married,4,Python,Bachelor's Degree,Computer Engineering,"1919 Spruce Rd, Apt 22, Miami, FL 33101",,3
193,Lakota,Redbird,Female,Native American,No,No,Married,6,"Python, C++",Bachelor's Degree,Informatics,"2020 Oak Blvd, Apt 23, Rapid City, SD 57701",,4
194,Claire,Evans,Female,White,No,No,Divorced,3,Python,Bachelor's Degree,Bioinformatics,"2121 Cedarwood Rd, Apt 24, Los Angeles, CA 90001",,2
195,Aaron,Wilson,Male,White,No,Yes,Married,4,Python,Bachelor's Degree,Computer Science,"2323 Willow Rd, Apt 25, Atlanta, GA 30303",,3
196,Cassandra,Johnson,Female,White,No,No,Divorced,2,Python,Associate's Degree,Information Tech,"2424 Spruce Blvd, Apt 26, New York, NY 10001",,2
197,Mateo,Ramirez,Male,Hispanic,No,Yes,Married,5,"Python, JavaScript",Bachelor's Degree,Computer Science,"2525 Cedar Rd, Apt 27, Los Angeles, CA 90001",,3
198,James,Smith,Male,White,No,Yes,Divorced,3,Python,Bachelor's Degree,Informatics,"2626 Oak Blvd, Apt 28, Miami, FL 33101",,2
199,Natasha,Singh,Female,South Asian,No,No,Married,4,Python,Bachelor's Degree,Computer Science,"2727 Birch Blvd, Apt 29, Seattle, WA 98101",,3
200,Dominic,Carter,Male,Black,No,No,Married,3,Python,Bachelor's Degree,Computer Science,"2828 Maple Rd, Apt 30, San Francisco, CA 94102",,2
201,Patrick,O'Sullivan,Male,European,No,Yes,Married,4,Python,Bachelor's Degree,Bioinformatics,"2929 Spruce Blvd, Apt 31, New York, NY 10001",,3
202,Isaias,González,Male,Hispanic,No,No,Married,5,"Python, Java",Master's Degree,Computer Science,"3030 Oak Rd, Apt 32, Los Angeles, CA 90001",,4
203,Emily,Johnson,Female,White,No,No,Married,3,Python,Bachelor's Degree,Chemistry,"3131 Willow Ln, Apt 33, Atlanta, GA 30303",,2
204,Matthew,Walker,Male,White,No,Yes,Married,5,"Python, Java",Bachelor's Degree,Computer Engineering,"3232 Cedar Blvd, Apt 34, Miami, FL 33101",,3
205,Rashid,Khan,Male,Middle Eastern,No,No,Married,4,"Python, C++",Bachelor's Degree,Computer Engineering,"3333 Maple Rd, Apt 35, New York, NY 10001",,3
206,Emily,Brown,Female,White,No,No,Married,4,Python,Bachelor's Degree,Computer Science,"3434 Spruce Blvd, Apt 36, Los Angeles, CA 90001",,2
207,Kimo,Kalani,Male,Pacific Islander,No,Yes,Married,3,Python,Associate's Degree,Information Tech,"3535 Cedarwood Ln, Apt 37, Honolulu, HI 96814",,2
208,Akela,Kapono,Male,Pacific Islander,No,Yes,Married,5,Python,Bachelor's Degree,Computer Science,"3636 Willow Rd, Apt 38, Honolulu, HI 96814",,3
209,Tatiana,Petrova,Female,Eastern European,No,No,Married,3,Python,Bachelor's Degree,Mathematics,"3737 Oak Blvd, Apt 39, Chicago, IL 60601",,2
210,Natalia,Singh,Female,South Asian,No,No,Married,3,Python,Bachelor's Degree,Computer Science,"3838 Spruce Blvd, Apt 40, Dallas, TX 75001",,2
211,Pablo,García,Male,Hispanic,No,Yes,Married,5,"Python, Java",Bachelor's Degree,Computer Science,"3939 Maple Rd, Apt 41, Phoenix, AZ 85001",,3
212,Aisha,Ali,Female,Middle Eastern,No,No,Married,4,Python,Bachelor's Degree,Computer Science,"4040 Cedarwood Ln, Apt 42, New York, NY 10001",,2
213,Emily,Thompson,Female,White,No,No,Married,3,Python,Associate's Degree,Information Tech,"4141 Oak Blvd, Apt 43, Seattle, WA 98101",,2
214,Liam,Smith,Male,White,No,Yes,Married,5,Python,Bachelor's Degree,Computer Science,"4242 Maple Rd, Apt 44, San Francisco, CA 94102",,3
215,Rashad,Jackson,Male,Black,No,Yes,Divorced,3,Python,Bachelor's Degree,Computer Engineering,"4343 Cedar Blvd, Apt 45, Miami, FL 33101",,2
216,Natasha,Johnson,Female,White,No,Yes,Married,6,"Python, Java",Bachelor's Degree,Computer Science,"4444 Willow Ln, Apt 46, Dallas, TX 75001",,3
217,Carlos,Martínez,Male,Hispanic,No,No,Married,3,"Python, C++",Bachelor's Degree,Computer Science,"4545 Cedarwood Rd, Apt 47, Los Angeles, CA 90001",,2
218,Patrick,O'Sullivan,Male,European,No,No,Married,5,Python,Bachelor's Degree,Bioinformatics,"4646 Oak Blvd, Apt 48, New York, NY 10001",,3
219,Lakota,Redbird,Female,Native American,No,No,Married,4,Python,Bachelor's Degree,Informatics,"4747 Spruce Rd, Apt 49, Rapid City, SD 57701",,2
220,Emily,Johnson,Female,White,No,Yes,Married,3,Python,Bachelor's Degree,Chemistry,"4848 Cedarwood Ln, Apt 50, Philadelphia, PA 19101",,2
221,Ramesh,Patel,Male,South Asian,No,No,Married,3,"Python, JavaScript",Bachelor's Degree,Computer Engineering,"123 Oak Blvd, Apt 1, Dallas, TX 75201",Yes,2
222,Angela,White,Female,White,No,No,Single,2,Python,Associate's Degree,Informatics,"456 Cedarwood Rd, Apt 2, Atlanta, GA 30303",No,1
223,Anthony,Brown,Male,Black,No,Yes,Married,5,"Python, Java",Bachelor's Degree,Computer Science,"789 Willow Ln, Apt 3, Miami, FL 33101",Yes,3
224,Mei,Chen,Female,East Asian,No,No,Married,6,"Python, JavaScript",Master's Degree,Computer Science,"101 Maple Blvd, Apt 4, San Francisco, CA 94102",No,5
225,Tatanka,Whitehorse,Male,Native American,No,No,Married,4,Python,Bachelor's Degree,Computer Engineering,"202 Spruce Rd, Apt 5, Rapid City, SD 57701",Yes,2
226,Maria,Rodríguez,Female,Hispanic,No,No,Married,3,Python,Bachelor's Degree,Computer Engineering,"303 Cedar Blvd, Apt 6, Los Angeles, CA 90001",Yes,2
227,Sunil,Mehta,Male,South Asian,No,Yes,Married,5,Python,Bachelor's Degree,Bioinformatics,"404 Oak Ln, Apt 7, Seattle, WA 98101",No,3
228,Michelle,Smith,Female,White,No,No,Divorced,3,Python,Bachelor's Degree,Computer Science,"505 Spruce Rd, Apt 8, Philadelphia, PA 19101",No,2
229,Kenji,Suzuki,Male,East Asian,No,No,Married,6,"Python, C++",Bachelor's Degree,Computer Science,"606 Maple Blvd, Apt 9, San Francisco, CA 94102",Yes,5
230,Lakota,Redbird,Female,Native American,No,No,Married,4,Python,Bachelor's Degree,Informatics,"707 Cedarwood Ln, Apt 10, Rapid City, SD 57701",No,2
231,Carlos,Martínez,Male,Hispanic,No,Yes,Divorced,3,Python,Associate's Degree,Computer Science,"808 Oak Blvd, Apt 11, Los Angeles, CA 90001",No,1
232,Rashid,Abdullah,Male,Middle Eastern,No,No,Married,4,Python,Bachelor's Degree,Computer Science,"909 Maple Rd, Apt 12, Phoenix, AZ 85001",Yes,2
233,Kimo,Kalani,Male,Pacific Islander,No,No,Married,3,"Python, JavaScript",Bachelor's Degree,Computer Science,"1010 Spruce Blvd, Apt 13, Honolulu, HI 96814",No,2
234,Claire,Evans,Female,White,No,No,Divorced,3,Python,Bachelor's Degree,Bioinformatics,"1111 Cedarwood Ln, Apt 14, Miami, FL 33101",No,2
235,Tariq,Ahmad,Male,Middle Eastern,No,No,Married,4,"Python, Java",Bachelor's Degree,Computer Engineering,"1212 Oak Ln, Apt 15, New York, NY 10001",Yes,3
236,Fatima,Ali,Female,Middle Eastern,No,No,Married,2,Python,Bachelor's Degree,Computer Engineering,"1313 Cedar Rd, Apt 16, San Francisco, CA 94102",Yes,1
237,Samuel,Jackson,Male,Black,No,Yes,Married,4,Python,Bachelor's Degree,Computer Science,"1414 Cedarwood Blvd, Apt 17, Atlanta, GA 30303",No,2
238,Rani,Singh,Female,South Asian,No,No,Married,3,Python,Bachelor's Degree,Computer Engineering,"1515 Maple Ln, Apt 18, New York, NY 10001",Yes,2
239,Omar,Khalid,Male,Middle Eastern,No,No,Divorced,6,Python,Master's Degree,Computer Science,"1616 Cedarwood Blvd, Apt 19, Phoenix, AZ 85001",Yes,4
240,Talulah,Storm,Female,Native American,No,No,Married,4,Python,Bachelor's Degree,Computer Science,"1717 Birch Blvd, Apt 20, Rapid City, SD 57701",Yes,3
241,Emily,Walker,Female,White,No,No,Married,3,Python,Bachelor's Degree,Computer Engineering,"1818 Spruce Rd, Apt 21, Los Angeles, CA 90001",Yes,2
242,Shanti,Bhatt,Female,South Asian,No,No,Divorced,3,Python,Associate's Degree,Informatics,"1919 Maple Blvd, Apt 22, Miami, FL 33101",No,2
243,Mahina,Kapono,Female,Pacific Islander,No,No,Married,5,Python,Bachelor's Degree,Computer Science,"2020 Oak Blvd, Apt 23, Honolulu, HI 96814",Yes,3
244,Aaron,Miller,Male,White,No,Yes,Married,4,"Python, Java",Bachelor's Degree,Bioinformatics,"2121 Cedarwood Rd, Apt 24, Seattle, WA 98101",No,2
245,Aisha,Ahmad,Female,Middle Eastern,No,No,Married,3,Python,Bachelor's Degree,Computer Engineering,"2323 Spruce Rd, Apt 25, Phoenix, AZ 85001",Yes,2
246,Jacob,Wilson,Male,White,No,Yes,Married,5,Python,Bachelor's Degree,Computer Engineering,"2525 Cedarwood Blvd, Apt 26, Atlanta, GA 30303",No,3
247,Sofia,Gonzalez,Female,Hispanic,No,No,Married,4,Python,Bachelor's Degree,Computer Engineering,"2727 Cedarwood Ln, Apt 27, New York, NY 10001",No,3
248,Emily,Thompson,Female,White,No,Yes,Married,3,Python,Bachelor's Degree,Computer Engineering,"2929 Oak Blvd, Apt 28, Chicago, IL 60601",Yes,2
249,Lakota,Redbird,Female,Native American,No,No,Divorced,3,Python,Bachelor's Degree,Informatics,"3131 Spruce Rd, Apt 29, Rapid City, SD 57701",No,2
250,Paulo,Romero,Male,Hispanic,No,Yes,Married,5,"Python, Java",Master's Degree,Computer Science,"3232 Willow Rd, Apt 30, Los Angeles, CA 90001",Yes,4
251,Sunil,Mehta,Male,South Asian,No,No,Married,3,Python,Bachelor's Degree,Computer Engineering,"3333 Maple Blvd, Apt 31, New York, NY 10001",No,2
252,Natasha,Singh,Female,South Asian,No,No,Married,4,Python,Bachelor's Degree,Computer Science,"3434 Cedarwood Ln, Apt 32, Dallas, TX 75001",No,3
253,Boris,Ivanov,Male,Eastern European,No,No,Divorced,5,Python,Bachelor's Degree,Mathematics,"3535 Oak Blvd, Apt 33, San Francisco, CA 94102",No,4
254,Zainab,Ali,Female,Middle Eastern,No,No,Married,3,Python,Bachelor's Degree,Bioinformatics,"3636 Maple Rd, Apt 34, Phoenix, AZ 85001",No,2
255,Kimo,Kalani,Male,Pacific Islander,No,No,Married,6,Python,Bachelor's Degree,Computer Science,"3737 Willow Rd, Apt 35, Honolulu, HI 96814",No,5
256,Chaska,Swift Eagle,Male,Native American,No,No,Married,4,"Python, C++",Bachelor's Degree,Computer Engineering,"3838 Birch Blvd, Apt 36, Rapid City, SD 57701",Yes,3
257,Rafael,González,Male,Hispanic,No,Yes,Married,3,Python,Bachelor's Degree,Computer Science,"3939 Maple Rd, Apt 37, Los Angeles, CA 90001",No,2
258,Rashad,Jackson,Male,Black,No,Yes,Married,4,Python,Bachelor's Degree,Bioinformatics,"4040 Cedar Blvd, Apt 38, Philadelphia, PA 19101",Yes,2
259,Sofia,Johnson,Female,White,No,Yes,Married,3,Python,Bachelor's Degree,Bioinformatics,"4141 Willow Blvd, Apt 39, New York, NY 10001",No,2
260,Paolo,Romano,Male,European,No,No,Divorced,4,Python,Bachelor's Degree,Computer Science,"4242 Spruce Rd, Apt 40, New York, NY 10001",No,2
261,Aarav,Patel,Male,South Asian,No,No,Single,3,"Python, JavaScript",Bachelor's Degree,Computer Science,"123 Oak St, Apt 1, Edison, NJ 08817",Yes,2
262,Sophia,Johnson,Female,White,Yes,No,Married,5,"Python, Java",Bachelor's Degree,Computer Engineering,"456 Maple Ave, Apt 2, Boston, MA 02101",No,3
263,Amir,Khan,Male,South Asian,Yes,Yes,Single,6,"Python, C++",Master's Degree,Electrical Engineering,"789 Pine St, Apt 3, Fremont, CA 94536",No,4
264,Isabella,Rodriguez,Female,Hispanic,No,No,Divorced,4,Python,Bachelor's Degree,Biology,"101 Elm St, Apt 4, San Antonio, TX 78201",Yes,3
265,Elijah,Jackson,Male,Black,No,Yes,Married,5,"Python, JavaScript",Bachelor's Degree,Computer Science,"202 Cedar Ln, Apt 5, Chicago, IL 60601",Yes,4
266,Maya,Wong,Female,East Asian,No,No,Married,4,"Python, Java",Bachelor's Degree,Computer Engineering,"303 Maple St, Apt 6, San Francisco, CA 94101",No,3
267,Ravi,Gupta,Male,South Asian,No,No,Single,2,Python,Associate's Degree,Information Technology,"404 Birch Ave, Apt 7, Jersey City, NJ 07302",No,1
268,Sofia,Fernandez,Female,Hispanic,No,No,Married,3,Python,Bachelor's Degree,Computer Science,"505 Oak St, Apt 8, Miami, FL 33101",No,2
269,Kai,Takahashi,Male,East Asian,Yes,No,Married,6,"Python, C++",Master's Degree,Mechanical Engineering,"606 Cedar Ln, Apt 9, Seattle, WA 98101",Yes,5
270,Leilani,Malouf,Female,Pacific Islander,No,No,Married,4,"Python, JavaScript",Bachelor's Degree,Computer Science,"707 Willow Ave, Apt 10, Honolulu, HI 96814",No,3
271,Jamal,Muhammad,Male,Black,No,Yes,Married,5,"Python, Java",Bachelor's Degree,Computer Science,"808 Pine St, Apt 11, Detroit, MI 48201",Yes,4
272,Priya,Patel,Female,South Asian,No,No,Married,3,Python,Bachelor's Degree,Computer Science,"909 Cedar Ln, Apt 12, Edison, NJ 08817",No,2
273,Adam,Smith,Male,White,Yes,Yes,Single,4,"Python, C++",Bachelor's Degree,Computer Engineering,"101 Maple Ave, Apt 13, New York, NY 10001",Yes,3
274,Linh,Nguyen,Female,Southeast Asian,No,No,Single,3,"Python, JavaScript",Bachelor's Degree,Computer Science,"202 Elm St, Apt 14, Houston, TX 77001",No,2
275,Javier,Rodriguez,Male,Hispanic,No,No,Married,5,"Python, Java",Bachelor's Degree,Computer Science,"303 Cedar Ln, Apt 15, Miami, FL 33101",Yes,4
276,Ji-eun,Kim,Female,East Asian,No,No,Married,6,"Python, JavaScript",Master's Degree,Computer Science,"404 Cedar St, Apt 16, Los Angeles, CA 90001",No,5
277,Tyrone,White,Male,Black,Yes,No,Married,4,"Python, JavaScript",Bachelor's Degree,Computer Engineering,"505 Pine St, Apt 17, Atlanta, GA 30303",Yes,3
278,Siti,Abdullah,Female,Southeast Asian,No,No,Divorced,3,"Python, Java",Bachelor's Degree,Computer Science,"606 Oak Ln, Apt 18, Brooklyn, NY 11201",No,2
279,Alexander,García,Male,Hispanic,No,Yes,Married,5,"Python, JavaScript",Bachelor's Degree,Computer Science,"707 Cedar St, Apt 19, San Antonio, TX 78201",Yes,4
280,Aisha,Khan,Female,South Asian,No,No,Married,4,"Python, JavaScript",Bachelor's Degree,Computer Science,"808 Maple Ave, Apt 20, Jersey City, NJ 07302",Yes,3
281,Aiden,Brown,Male,White,No,Yes,Married,3,Python,Bachelor's Degree,Informatics,"909 Willow St, Apt 21, San Francisco, CA 94101",No,2
282,Amir,Abdullah,Male,Middle Eastern,No,No,Married,4,Python,Bachelor's Degree,Computer Science,"1010 Birch Rd, Apt 22, Phoenix, AZ 85001",No,3
283,Priyanka,Patel,Female,South Asian,No,No,Single,3,"Python, Java",Bachelor's Degree,Computer Engineering,"1111 Cedar Ln, Apt 23, Dallas, TX 75001",No,2
284,Leilani,Kapono,Female,Pacific Islander,No,No,Divorced,4,Python,Bachelor's Degree,Computer Science,"1212 Spruce St, Apt 24, Honolulu, HI 96814",No,2
285,Rashid,Khalid,Male,Middle Eastern,No,No,Married,6,"Python, Java",Master's Degree,Computer Science,"1313 Willow Rd, Apt 25, New York, NY 10001",No,5
286,Mark,Johnson,Male,White,No,Yes,Divorced,4,Python,Bachelor's Degree,Computer Science,"1414 Cedar Blvd, Apt 26, Seattle, WA 98101",Yes,3
287,Rashida,Smith,Female,Black,No,No,Married,3,Python,Bachelor's Degree,Computer Science,"1515 Spruce Rd, Apt 27, New York, NY 10001",No,2
288,Sharice,Jackson,Female,Black,No,No,Married,2,Python,Associate's Degree,Informatics,"1616 Cedarwood Ln, Apt 28, Atlanta, GA 30303",No,1
289,Andrei,Ivanov,Male,Eastern European,No,Yes,Married,5,Python,Bachelor's Degree,Computer Science,"1717 Willow Rd, Apt 29, Chicago, IL 60601",No,4
290,Shanti,Bhatt,Female,South Asian,No,No,Divorced,3,"Python, JavaScript",Bachelor's Degree,Computer Science,"1818 Spruce Blvd, Apt 30, Dallas, TX 75001",No,2
291,Cassandra,Thompson,Female,White,No,No,Married,4,Python,Bachelor's Degree,Computer Science,"1919 Oak Rd, Apt 31, Los Angeles, CA 90001",No,3
292,Miguel,Santos,Male,Hispanic,No,Yes,Married,3,"Python, Java",Bachelor's Degree,Computer Engineering,"2020 Cedarwood Ln, Apt 32, Miami, FL 33101",Yes,2
293,Keiko,Nakamura,Female,East Asian,No,No,Married,6,"Python, JavaScript",Master's Degree,Informatics,"2121 Willow Ln, Apt 33, San Francisco, CA 94101",Yes,5
294,Natalia,Petrova,Female,Eastern European,No,No,Married,3,Python,Bachelor's Degree,Computer Science,"2222 Spruce Rd, Apt 34, New York, NY 10001",No,2
295,Giovanni,Rossi,Male,European,No,Yes,Married,4,Python,Bachelor's Degree,Computer Engineering,"2323 Cedarwood Ln, Apt 35, Los Angeles, CA 90001",No,3
296,William,Harris,Male,White,No,Yes,Married,5,Python,Bachelor's Degree,Mechanical Engineering,"2424 Oak Blvd, Apt 36, Atlanta, GA 30303",No,3
297,Sharice,Johnson,Female,Black,No,Yes,Divorced,3,Python,Bachelor's Degree,Computer Science,"2525 Spruce Rd, Apt 37, Miami, FL 33101",No,2
298,Oscar,Ramirez,Male,Hispanic,No,Yes,Married,3,Python,Bachelor's Degree,Informatics,"2626 Maple Blvd, Apt 38, Los Angeles, CA 90001",Yes,2
299,Yasmin,Al-Sharif,Female,Middle Eastern,No,No,Married,4,Python,Bachelor's Degree,Computer Science,"2727 Cedarwood Ln, Apt 39, Phoenix, AZ 85001",Yes,3
300,Casey,White,Male,White,No,Yes,Married,3,Python,Bachelor's Degree,Informatics,"2828 Oak Rd, Apt 40, Seattle, WA 98101",No,2
301,Elaine,Thompson,Female,White,No,No,Married,5,Python,Bachelor's Degree,Computer Engineering,"2929 Cedarwood Ln, Apt 41, New York, NY 10001",No,3
302,Akira,Nakamura,Male,East Asian,No,Yes,Married,6,"Python, C++",Bachelor's Degree,Computer Science,"3030 Spruce Blvd, Apt 42, San Francisco, CA 94102",No,5
303,Jamal,Muhammad,Male,Black,No,Yes,Married,4,Python,Bachelor's Degree,Computer Science,"3131 Cedar Rd, Apt 43, Detroit, MI 48201",Yes,3
304,Leilani,Kapono,Female,Pacific Islander,No,No,Married,4,"Python, C++",Bachelor's Degree,Computer Science,"3232 Oak Blvd, Apt 44, Honolulu, HI 96814",Yes,2
305,Valentina,Petrova,Female,Eastern European,No,Yes,Married,5,Python,Bachelor's Degree,Bioinformatics,"3333 Maple Rd, Apt 45, Chicago, IL 60601",No,3
306,Hiroshi,Yamamoto,Male,East Asian,No,No,Married,4,"Python, JavaScript",Bachelor's Degree,Computer Science,"3434 Spruce Blvd, Apt 46, San Francisco, CA 94102",No,2
307,Tyrone,White,Male,Black,No,Yes,Divorced,3,Python,Bachelor's Degree,Computer Science,"3535 Cedarwood Rd, Apt 47, Atlanta, GA 30303",No,2
308,Isabella,Johnson,Female,White,No,No,Married,4,Python,Bachelor's Degree,Computer Science,"3636 Maple Blvd, Apt 48, New York, NY 10001",No,3
309,Samantha,Thompson,Female,White,No,No,Married,3,Python,Bachelor's Degree,Informatics,"3737 Cedarwood Ln, Apt 49, Miami, FL 33101",No,2
310,Aisha,Ahmad,Female,Middle Eastern,No,No,Married,5,Python,Bachelor's Degree,Computer Engineering,"3838 Spruce Blvd, Apt 50, Phoenix, AZ 85001",Yes,4
311,Casey,White,Male,White,No,Yes,Married,4,Python,Bachelor's Degree,Mechanical Engineering,"3939 Willow Rd, Apt 51, Atlanta, GA 30303",No,2
312,Maria,Ramirez,Female,Hispanic,No,No,Married,3,Python,Bachelor's Degree,Computer Engineering,"4040 Cedar Blvd, Apt 52, Los Angeles, CA 90001",Yes,2
313,Rafael,González,Male,Hispanic,No,Yes,Married,4,"Python, Java",Bachelor's Degree,Computer Science,"4141 Maple Blvd, Apt 53, New York, NY 10001",No,3
314,Mateo,Ramirez,Male,Hispanic,No,No,Married,3,Python,Bachelor's Degree,Bioinformatics,"4242 Spruce Rd, Apt 54, San Antonio, TX 78201",No,2
315,Amanda,Thompson,Female,White,No,Yes,Divorced,5,Python,Bachelor's Degree,Computer Engineering,"4343 Willow Blvd, Apt 55, Seattle, WA 98101",Yes,3
316,Aiden,Johnson,Male,White,No,No,Married,3,Python,Bachelor's Degree,Mechanical Engineering,"4444 Cedarwood Ln, Apt 56, Atlanta, GA 30303",No,2
317,Jason,White,Male,White,No,Yes,Married,4,Python,Bachelor's Degree,Computer Science,"4545 Oak Blvd, Apt 57, Dallas, TX 75001",No,2
318,Boris,Ivanov,Male,Eastern European,No,Yes,Married,5,Python,Bachelor's Degree,Computer Science,"4646 Spruce Rd, Apt 58, San Francisco, CA 94102",No,3
319,Liam,Smith,Male,White,No,Yes,Married,3,Python,Bachelor's Degree,Informatics,"4747 Willow Blvd, Apt 59, Los Angeles, CA 90001",No,2
320,Claire,Evans,Female,White,No,Yes,Married,3,Python,Bachelor's Degree,Computer Science,"4848 Cedar Blvd, Apt 60, Philadelphia, PA 19101",Yes,2
321,Ananya,Desai,Female,South Asian,No,No,Single,3,"Python, JavaScript",Bachelor's Degree,Computer Science,"123 Oak Street, Apt 1, Seattle, WA 98101",Yes,2
322,Ethan,Thompson,Male,White,Yes,No,Married,5,"Python, Java",Bachelor's Degree,Computer Engineering,"456 Elm Street, Apt 2, Denver, CO 80201",No,3
323,Mei,Chen,Female,East Asian,No,No,Married,4,"Python, C++",Master's Degree,Electrical Engineering,"789 Maple Avenue, Apt 3, San Francisco, CA 94101",No,4
324,Javier,Ramirez,Male,Hispanic,No,Yes,Single,6,"Python, JavaScript",Bachelor's Degree,Computer Science,"101 Cedar Street, Apt 4, San Antonio, TX 78201",Yes,5
325,Maya,Johnson,Female,Black,No,No,Married,5,"Python, Java",Bachelor's Degree,Computer Science,"202 Pine Avenue, Apt 5, Detroit, MI 48201",Yes,4
326,Kai,Tanaka,Male,East Asian,Yes,No,Married,7,"Python, JavaScript",Master's Degree,Computer Science,"303 Cedar Lane, Apt 6, Honolulu, HI 96814",No,6
327,Priya,Patel,Female,South Asian,No,No,Single,4,"Python, JavaScript",Bachelor's Degree,Computer Science,"404 Elm Street, Apt 7, Edison, NJ 08817",No,3
328,Sofia,García,Female,Hispanic,No,No,Married,4,"Python, Java",Bachelor's Degree,Computer Engineering,"505 Oak Avenue, Apt 8, Miami, FL 33101",Yes,3
329,Yuki,Yamamoto,Male,East Asian,No,Yes,Married,6,"Python, C++",Master's Degree,Mechanical Engineering,"606 Pine Street, Apt 9, Los Angeles, CA 90001",Yes,5
330,Leilani,Malouf,Female,Pacific Islander,Yes,No,Married,5,"Python, JavaScript",Bachelor's Degree,Computer Science,"707 Cedar Lane, Apt 10, Honolulu, HI 96814",No,4
331,Jamal,Williams,Male,Black,No,Yes,Married,4,"Python, JavaScript",Bachelor's Degree,Computer Science,"808 Oak Street, Apt 11, Philadelphia, PA 19101",Yes,3
332,Aisha,Patel,Female,South Asian,No,No,Married,3,Python,Associate's Degree,Information Technology,"909 Pine Avenue, Apt 12, Dallas, TX 75001",No,2
333,William,Smith,Male,White,Yes,Yes,Single,4,"Python, C++",Bachelor's Degree,Computer Engineering,"101 Elm Street, Apt 13, New York, NY 10001",Yes,3
334,Linh,Nguyen,Female,Southeast Asian,No,No,Single,3,"Python, JavaScript",Bachelor's Degree,Computer Science,"202 Maple Avenue, Apt 14, Houston, TX 77001",No,2
335,Diego,Gonzalez,Male,Hispanic,No,No,Married,5,"Python, Java",Bachelor's Degree,Computer Science,"303 Cedar Lane, Apt 15, Miami, FL 33101",Yes,4
336,Ji-eun,Kim,Female,East Asian,No,No,Married,6,"Python, JavaScript",Master's Degree,Computer Science,"404 Cedar Street, Apt 16, Los Angeles, CA 90001",No,5
337,Tyrone,White,Male,Black,Yes,No,Married,4,"Python, JavaScript",Bachelor's Degree,Computer Engineering,"505 Pine Avenue, Apt 17, Atlanta, GA 30303",Yes,3
338,Siti,Abdullah,Female,Southeast Asian,No,No,Divorced,3,"Python, Java",Bachelor's Degree,Computer Science,"606 Oak Lane, Apt 18, Brooklyn, NY 11201",No,2
339,Alejandro,Martinez,Male,Hispanic,No,Yes,Married,4,"Python, JavaScript",Bachelor's Degree,Computer Science,"707 Pine Avenue, Apt 19, San Antonio, TX 78201",Yes,3
340,Priya,Sharma,Female,South Asian,No,No,Married,3,Python,Bachelor's Degree,Computer Science,"808 Maple Avenue, Apt 20, Jersey City, NJ 07302",Yes,2
341,Leilani,Kapono,Female,Pacific Islander,No,No,Divorced,4,"Python, JavaScript",Bachelor's Degree,Computer Science,"909 Spruce Street, Apt 21, Honolulu, HI 96814",No,2
342,Rashid,Khalid,Male,Middle Eastern,No,No,Married,6,"Python, C++",Master's Degree,Computer Science,"1010 Cedarwood Ln, Apt 22, Phoenix, AZ 85001",No,5
343,Marcos,Santos,Male,Hispanic,No,Yes,Married,3,Python,Bachelor's Degree,Computer Science,"1111 Cedarwood Ln, Apt 23, Miami, FL 33101",No,2
344,Carlos,García,Male,Hispanic,No,No,Married,4,Python,Bachelor's Degree,Bioinformatics,"1212 Maple Street, Apt 24, New York, NY 10001",No,3
345,Omar,Abdullah,Male,Middle Eastern,No,Yes,Married,3,Python,Bachelor's Degree,Computer Engineering,"1313 Willow Blvd, Apt 25, Dallas, TX 75001",Yes,2
346,Matea,Rodriguez,Female,Hispanic,No,No,Married,5,"Python, JavaScript",Bachelor's Degree,Computer Engineering,"1414 Oak Blvd, Apt 26, San Antonio, TX 78201",Yes,3
347,Natasha,Singh,Female,South Asian,No,No,Married,4,Python,Bachelor's Degree,Bioinformatics,"1515 Birch Blvd, Apt 27, Seattle, WA 98101",No,3
348,Marco,Santos,Male,Hispanic,No,Yes,Married,4,Python,Bachelor's Degree,Mechanical Engineering,"1616 Cedarwood Ln, Apt 28, New York, NY 10001",No,2
349,Aisha,Khan,Female,Middle Eastern,No,No,Married,5,Python,Bachelor's Degree,Computer Engineering,"1717 Maple Blvd, Apt 29, Brooklyn, NY 11201",No,3
350,Hiroshi,Yamamoto,Male,East Asian,Yes,No,Married,6,"Python, JavaScript",Master's Degree,Computer Science,"1818 Spruce Rd, Apt 30, Los Angeles, CA 90001",No,5
351,Tyrone,White,Male,Black,No,Yes,Divorced,4,Python,Bachelor's Degree,Computer Science,"1919 Oak Blvd, Apt 31, Atlanta, GA 30303",No,3
352,Shanti,Bhatt,Female,South Asian,No,Yes,Divorced,3,Python,Associate's Degree,Informatics,"2020 Spruce Blvd, Apt 32, Dallas, TX 75001",No,2
353,Diego,Gonzalez,Male,Hispanic,No,No,Married,5,Python,Bachelor's Degree,Computer Science,"2121 Willow Blvd, Apt 33, Los Angeles, CA 90001",No,4
354,Sofia,Rodriguez,Female,Hispanic,No,No,Married,3,Python,Bachelor's Degree,Bioinformatics,"2222 Maple Blvd, Apt 34, Phoenix, AZ 85001",Yes,2
355,Kimberly,Thompson,Female,White,No,No,Divorced,4,Python,Bachelor's Degree,Computer Science,"2323 Willow Blvd, Apt 35, Chicago, IL 60601",No,3
356,James,White,Male,White,No,Yes,Married,3,Python,Bachelor's Degree,Computer Science,"2424 Spruce Blvd, Apt 36, San Francisco, CA 94102",No,2
357,Liam,Johnson,Male,White,No,No,Married,5,Python,Bachelor's Degree,Computer Science,"2525 Cedarwood Ln, Apt 37, Atlanta, GA 30303",No,3
358,Rafael,Gonzalez,Male,Hispanic,No,No,Married,4,"Python, Java",Bachelor's Degree,Bioinformatics,"2626 Maple Blvd, Apt 38, San Antonio, TX 78201",Yes,3
359,Sofia,Garcia,Female,Hispanic,No,No,Married,3,"Python, C++",Bachelor's Degree,Bioinformatics,"2727 Cedarwood Rd, Apt 39, Miami, FL 33101",No,2
360,Samantha,Thompson,Female,White,No,No,Married,4,Python,Bachelor's Degree,Computer Engineering,"2828 Spruce Blvd, Apt 40, Los Angeles, CA 90001",Yes,3
361,Lakota,Redbird,Female,Native American,No,Yes,Married,3,Python,Bachelor's Degree,Informatics,"2929 Oak Blvd, Apt 41, Rapid City, SD 57701",No,2
362,Miguel,Martinez,Male,Hispanic,No,No,Married,5,"Python, Java",Bachelor's Degree,Computer Science,"3030 Spruce Rd, Apt 42, Dallas, TX 75001",Yes,3
363,Jamal,Muhammad,Male,Black,No,Yes,Married,4,Python,Bachelor's Degree,Computer Engineering,"3131 Willow Blvd, Apt 43, Atlanta, GA 30303",Yes,2
364,Aisha,Ali,Female,Middle Eastern,No,No,Married,3,Python,Bachelor's Degree,Computer Science,"3232 Maple Blvd, Apt 44, Phoenix, AZ 85001",No,2
365,Leilani,Kapono,Female,Pacific Islander,No,No,Divorced,5,"Python, Java",Bachelor's Degree,Computer Science,"3333 Cedarwood Ln, Apt 45, Honolulu, HI 96814",Yes,3
366,Omar,Abdullah,Male,Middle Eastern,No,No,Married,6,Python,Bachelor's Degree,Computer Engineering,"3434 Willow Blvd, Apt 46, San Antonio, TX 78201",No,3
367,Carlos,Martinez,Male,Hispanic,No,Yes,Married,4,Python,Bachelor's Degree,Computer Science,"3535 Cedarwood Ln, Apt 47, Los Angeles, CA 90001",No,3
368,Natasha,Singh,Female,South Asian,No,Yes,Married,3,Python,Bachelor's Degree,Computer Science,"3636 Cedarwood Rd, Apt 48, New York, NY 10001",Yes,2
369,William,Johnson,Male,White,No,No,Married,5,Python,Bachelor's Degree,Informatics,"3737 Spruce Blvd, Apt 49, Seattle, WA 98101",No,3
370,Alexander,Petrov,Male,Eastern European,No,No,Married,4,Python,Bachelor's Degree,Bioinformatics,"3838 Willow Blvd, Apt 50, San Francisco, CA 94102",No,2
371,Anna,Novak,Female,European,No,No,Married,4,"C++, Python",Bachelor,Computer Science,"567 Maple St, Boston, MA 02108",No,3
372,Muhammad,Ahmed,Male,Middle Eastern,No,Yes,Single,2,"Java, JavaScript",Bachelor,Computer Science,"890 Cedar St, Apt 6B, Washington, DC 20001",Yes,1
373,Seo-jun,Park,Male,East Asian,No,No,Single,3,"Python, Java",Bachelor,Computer Science,"123 Elm St, Apt 7C, San Jose, CA 95101",Yes,2
374,Maria,Santos,Female,Hispanic/Latino,No,No,Married,5,"Python, Java",Master,Computer Science,"456 Oak St, Los Angeles, CA 90012",No,4
375,Chen,Liu,Female,East Asian,No,Yes,Single,4,"JavaScript, HTML/CSS",Master,Computer Science,"789 Maple St, Apt 8D, San Francisco, CA 94105",Yes,3
376,Ahmed,Mohamed,Male,Middle Eastern,No,No,Single,3,"Java, Python, C++",Bachelor,Engineering (Computer),"234 Pine St, Apt 9E, New York, NY 10001",No,2
377,Hana,Lee,Female,East Asian,No,Yes,Married,2,"Python, HTML/CSS",Bachelor,Computer Science,"567 Cedar St, Chicago, IL 60611",Yes,1
378,Sanjay,Patel,Male,South Asian,No,No,Single,4,"Java, C#, SQL",Bachelor,Computer Science,"890 Elm St, Houston, TX 77002",No,3
379,Mei,Yang,Female,East Asian,Yes,Yes,Married,5,"Python, JavaScript",Master,Computer Science,"123 Maple St, Apt 10F, Seattle, WA 98101",Yes,4
380,Emma,Thompson,Female,White,No,No,Single,3,"JavaScript, Ruby",Bachelor,Computer Science,"456 Oak St, Phoenix, AZ 85001",No,2
381,Wei,Lin,Male,East Asian,No,Yes,Single,2,"Python, Java",Bachelor,Computer Science,"789 Pine St, Los Angeles, CA 90012",Yes,1
382,Ahmed,Hussein,Male,Middle Eastern,Yes,No,Married,4,"Java, SQL",Master,Engineering (Chemical),"234 Cedar St, Miami, FL 33101",No,3
383,Rachel,Davis,Female,Black,No,Yes,Single,3,"Python, HTML/CSS, JavaScript",Bachelor,Computer Science,"567 Maple St, Atlanta, GA 30303",Yes,2
384,Aisha,Ali,Female,Middle Eastern,No,No,Married,5,"JavaScript, Python",Master,Engineering (Civil),"890 Oak St, Dallas, TX 75201",No,4
385,Ethan,Jones,Male,White,No,Yes,Single,3,"Python, C++",Bachelor,Computer Science,"123 Birch Ln, Boston, MA 02108",Yes,2
386,Riya,Kumar,Female,South Asian,No,No,Married,2,"Java, Python",Bachelor,Engineering (Electrical),"456 Cedar St, Washington, DC 20001",No,1
387,Victor,Morales,Male,Hispanic/Latino,No,Yes,Single,4,"Python, C#",Bachelor,Computer Science,"789 Oak St, Apt 11G, Los Angeles, CA 90012",Yes,3
388,Gabriela,Gonzales,Female,Hispanic/Latino,No,No,Married,5,"JavaScript, HTML/CSS",Master,Computer Science,"234 Pine St, Apt 12H, San Francisco, CA 94105",No,4
389,Isaiah,Brown,Male,Black,No,No,Single,3,"Python, Ruby",Bachelor,Computer Science,"567 Elm St, Apt 13I, Chicago, IL 60611",Yes,2
390,Sanjeev,Reddy,Male,South Asian,Yes,Yes,Married,4,"Java, C++, C#",Bachelor,Computer Science,"890 Maple St, Houston, TX 77002",No,3
391,Ananya,Gupta,Female,South Asian,No,No,Single,3,"JavaScript, Python",Bachelor,Computer Science,"123 Pine St, Seattle, WA 98101",Yes,2
392,Alice,Smith,Female,White,No,No,Married,5,"Python, C++",Bachelor,Computer Science,"456 Birch Ln, Atlanta, GA 30303",No,4
393,Evan,Taylor,Male,White,No,Yes,Single,3,"Python, Java",Bachelor,Computer Science,"789 Oak St, Los Angeles, CA 90012",Yes,2
394,Marco,Ruiz,Male,Hispanic/Latino,No,No,Single,4,"Python, C#",Bachelor,Computer Science,"234 Pine St, San Francisco, CA 94105",No,3
395,Helen,Williams,Female,Black,No,Yes,Married,5,"JavaScript, HTML/CSS",Master,Computer Science,"567 Maple St, Chicago, IL 60611",Yes,4
396,Jacob,Walker,Male,White,No,No,Married,3,"Python, Java",Bachelor,Computer Science,"890 Cedar St, Phoenix, AZ 85001",No,2
397,Zachary,Carter,Male,White,No,Yes,Single,4,"Python, C++",Bachelor,Computer Science,"123 Birch Ln, Boston, MA 02108",Yes,3
398,Sofia,Martinez,Female,Hispanic/Latino,No,No,Married,3,"JavaScript, Python",Bachelor,Computer Science,"456 Oak St, Washington, DC 20001",No,2
399,Yuna,Kim,Female,East Asian,No,No,Single,3,"Python, JavaScript",Bachelor,Computer Science,"123 Elm St, Burlington, VT 05401",Yes,2
400,Rani,Singh,Female,South Asian,No,No,Married,4,"Java, Python",Master,Engineering (Electrical),"456 Oak St, Stowe, VT 05672",No,3
401,James,Wilson,Male,White,No,Yes,Single,1,"HTML/CSS, JavaScript",Associate,Information Technology,"789 Maple St, Montpelier, VT 05602",Yes,1
402,Ahmed,Hassan,Male,Middle Eastern,No,No,Married,2,"Python, SQL",Bachelor,Computer Science,"123 Cedar St, Concord, NH 03301",No,1
403,Aroha,Moana,Female,Pacific Islander,No,Yes,Single,5,"Java, C++",Bachelor,Computer Science,"456 Pine St, Honolulu, HI 96813",Yes,4
404,Diego,Gonzalez,Male,Hispanic/Latino,No,No,Single,3,"JavaScript, Python",Bachelor,Computer Science,"789 Elm St, Santa Fe, NM 87501",No,2
405,Lana,White,Female,Black,No,Yes,Married,4,"Python, HTML/CSS",Master,Computer Science,"123 Oak St, Burlington, VT 05401",Yes,3
406,Rohan,Patel,Male,South Asian,No,No,Single,3,"Python, Java",Bachelor,Computer Science,"123 Main St, Apt 101, Bloomington, IN 47404",Yes,2
407,Aiko,Suzuki,Female,East Asian,No,No,Married,4,"Java, JavaScript",Master,Engineering (Electrical),"456 Maple St, Apt 2B, Champaign, IL 61820",No,3
408,Manaia,Moana,Male,Pacific Islander,No,Yes,Married,2,"HTML/CSS, Ruby",Associate,Computer Science,"789 Cedar St, Springfield, OH 45503",No,1
409,Joaquin,Hernandez,Male,Hispanic/Latino,No,No,Single,5,"C++, C#, SQL",Bachelor,Computer Science,"234 Oak St, Carson City, NV 89701",Yes,4
410,Fatima,Al-Mansour,Female,Middle Eastern,No,Yes,Single,3,"Python, HTML/CSS",Bachelor,Engineering (Mechanical),"567 Pine St, Apt 3C, Charleston, WV 25301",No,2
411,Zainab,Ahmed,Female,Middle Eastern,No,No,Married,4,"Java, Python",Bachelor,Computer Science,"890 Birch Ln, Harrisburg, PA 17101",Yes,3
412,Mei,Zhang,Female,East Asian,Yes,No,Single,2,"JavaScript, Python",Bachelor,Computer Science,"123 Oak St, Santa Cruz, CA 95060",No,1
413,Jacob,Johnson,Male,Black,No,Yes,Married,3,"Python, Java",Bachelor,Computer Science,"456 Maple St, Athens, GA 30601",No,2
414,Aarav,Singh,Male,South Asian,No,No,Married,5,"Java, C#, SQL",Bachelor,Computer Science,"789 Pine St, Annapolis, MD 21401",Yes,4
415,Niyah,Williams,Female,Black,No,No,Single,3,"Python, JavaScript",Bachelor,Computer Science,"234 Cedar St, Roanoke, VA 24011",No,2
416,Isa,Torres,Male,Hispanic/Latino,No,Yes,Married,2,"Java, Python",Associate,Computer Science,"789 Cedar St, Apt 203, Springfield, OH 45503",No,1
417,Ali,Al-Mansour,Male,Middle Eastern,No,No,Single,5,"C++, SQL, Python",Bachelor,Computer Science,"234 Elm St, Apt 204, Carson City, NV 89701",Yes,4
418,Lani,Maunga,Female,Pacific Islander,No,No,Single,3,"Python, Ruby",Bachelor,Computer Science,"567 Oak St, Apt 205, Carson City, NV 89701",Yes,2
419,Jackson,Walker,Male,White,No,No,Single,4,"Java, Python",Bachelor,Engineering (Civil),"890 Birch Ln, Apt 206, Athens, GA 30601",No,3
420,Kiara,Smith,Female,Black,No,Yes,Married,3,"Python, HTML/CSS",Bachelor,Computer Science,"123 Oak St, Apt 207, Boise, ID 83702",No,2
421,Sanjay,Reddy,Male,South Asian,No,No,Single,5,"JavaScript, C#",Master,Computer Science,"456 Pine St, Apt 208, Santa Cruz, CA 95060",Yes,4
422,Elena,Lopez,Female,Hispanic/Latino,No,No,Married,3,"Python, C++, C#",Bachelor,Computer Science,"789 Elm St, Apt 209, Harrisburg, PA 17101",No,2
423,Takashi,Sato,Male,East Asian,No,Yes,Married,4,"Java, Python",Bachelor,Engineering (Electrical),"234 Maple St, Apt 210, Muncie, IN 47305",Yes,3
424,David,Johnson,Male,White,No,Yes,Married,4,"Python, JavaScript",Bachelor,Computer Science,"123 Oak St, Apt 101, Columbia, MO 65201",Yes,3
425,Rajesh,Singh,Male,South Asian,No,No,Married,5,"Java, Python, SQL",Master,Engineering (Civil),"456 Elm St, Apt 202, Peoria, IL 61614",No,4
426,Fatima,Khan,Female,Middle Eastern,No,No,Single,2,"Python, HTML/CSS",Bachelor,Computer Science,"789 Pine St, Apt 303, Toledo, OH 43604",Yes,1
427,Lily,Brown,Female,Black,No,No,Single,3,"JavaScript, Python",Bachelor,Computer Science,"234 Maple St, Apt 404, Little Rock, AR 72202",No,2
428,Alejandro,Garcia,Male,Hispanic/Latino,No,Yes,Married,5,"Python, C++, C#",Master,Computer Science,"567 Birch Ln, Apt 505, Albuquerque, NM 87102",Yes,4
429,Hiroshi,Yamamoto,Male,East Asian,No,No,Single,3,"HTML/CSS, Ruby",Bachelor,Computer Science,"890 Cedar St, Apt 606, Honolulu, HI 96814",No,2
430,Jennifer,Williams,Female,White,No,Yes,Married,4,"Java, C++, Python",Master,Engineering (Mechanical),"123 Oak St, Apt 707, Jackson, MS 39201",Yes,3
431,Inigo,Diaz,Male,Hispanic/Latino,No,No,Single,2,"Java, Python",Bachelor,Computer Science,"456 Elm St, Apt 808, Santa Cruz, CA 95060",No,1
432,Mei,Li,Female,East Asian,No,No,Married,5,"Python, JavaScript",Master,Computer Science,"789 Pine St, Apt 909, San Jose, CA 95112",Yes,4
433,Yuki,Tanaka,Female,East Asian,No,No,Single,3,"Python, Java",Bachelor,Computer Science,"123 Sakura St, Apt 101, Los Angeles, CA 90012",No,2
434,Priya,Patel,Female,South Asian,No,No,Married,4,"Java, JavaScript",Master,Engineering (Civil),"456 Ganga St, Apt 202, Houston, TX 77002",Yes,3
435,Ling,Zhang,Male,East Asian,No,Yes,Single,2,"HTML/CSS, JavaScript",Associate,Computer Science,"789 Bamboo St, Apt 303, Seattle, WA 98101",Yes,1
436,Mohammad,Khan,Male,Middle Eastern,No,No,Single,5,"C++, C#, SQL",Bachelor,Computer Science,"234 Oasis St, Chicago, IL 60611",No,4
437,Sofia,Fernandez,Female,Hispanic/Latino,No,Yes,Married,3,"Python, HTML/CSS",Bachelor,Computer Science,"567 Rio St, Apt 404, Miami, FL 33101",No,2
438,Yeong,Kim,Male,East Asian,No,No,Single,4,"Python, Java",Bachelor,Computer Science,"890 Cherry St, Apt 505, New York, NY 10001",Yes,3
439,Jamal,Johnson,Male,Black,No,No,Married,3,"JavaScript, Ruby",Bachelor,Computer Science,"123 Ebony St, Atlanta, GA 30303",Yes,2