First Name,Last Name,Gender,Ethnicity,Disabilities,Veteran,Marital Status,Coding Experience (Years),Coding Experience (Languages),Education,Major,Address,Internship,Industry Experience,,,,,,,,,,,,
Emily,Chen,Female,East Asian,No,No,Single,3,"Python, Java",Bachelor,Computer Science,"123 Main St, Apt 1, San Francisco, CA 94105",Yes,2,,,,,,,,,,,,
Liam,Khan,Male,South Asian,Yes,No,Married,5,"JavaScript, HTML/CSS",Master's,Engineering,"456 Elm St, Anytown, IL 60123",No,4,,,,,,,,,,,,
Ava,Garcia,Female,Hispanic/Latino,No,Yes,Single,2,"Python, SQL",Associate,Math,"789 Oak St, Smallville, KS 67005",Yes,1,,,,,,,,,,,,
Ethan,Lee,Male,East Asian,No,No,Single,4,"Java, C++",Bachelor,Physics,"321 Maple St, Bigcity, NY 10001",No,3,,,,,,,,,,,,
Sofia,Patel,Female,South Asian,No,No,Married,3,"Ruby, R",Master's,Biology,"901 Cedar St, Suburbiaville, OH 43001",Yes,2,,,,,,,,,,,,
Julian,Sanchez,Male,Hispanic/Latino,No,No,Single,1,"HTML/CSS, JavaScript",Associate,Computer Science,"567 Pine St, Othertown, FL 32801",Yes,1,,,,,,,,,,,,
Maya,Jensen,Female,European,No,No,Single,4,"Python, Java",Bachelor,Engineering,"234 Spruce St, Mountainview, CO 80301",No,3,,,,,,,,,,,,
Elijah,Martin,Male,Black,Yes,Yes,Married,5,"C, C++",Master's,Computer Science,"678 Walnut St, Cityville, PA 19101",No,4,,,,,,,,,,,,
Leila,Ali,Female,Middle Eastern,No,No,Single,2,"SQL, Ruby",Bachelor,Math,"345 Cypress St, Lakeside, MI 49001",Yes,2,,,,,,,,,,,,
Jackson,Hall,Male,White,No,No,Single,3,"JavaScript, HTML/CSS",Bachelor,Computer Science,"1234 Oak St, Riverview, TX 75001",Yes,2,,,,,,,,,,,,
Aisha,Hassan,Female,South Asian,No,No,Married,4,"Python, R",Master's,Biology,"5678 Cedar St, Brookside, NJ 08001",No,3,,,,,,,,,,,,
Gabriel,Reyes,Male,Hispanic/Latino,Yes,No,Single,2,"Java, SQL",Associate,Engineering,"9012 Maple St, Sunnyville, CA 94001",Yes,1,,,,,,,,,,,,
Ruby,Singh,Female,South Asian,No,No,Single,1,"HTML/CSS, JavaScript",Associate,Computer Science,"3456 Elm St, Fairview, IL 60123",Yes,1,,,,,,,,,,,,
Michael,Kim,Male,East Asian,No,No,Single,4,"Python, Java",Bachelor,Computer Science,"4567 Oak St, Anytown, CA 94001",Yes,3,,,,,,,,,,,,
Daniel,Gonzalez,Male,Hispanic/Latino,Yes,No,Married,5,"JavaScript, HTML/CSS",Master's,Engineering,"123 Main St, Othertown, IL 60123",No,4,,,,,,,,,,,,
Rebecca,Patel,Female,South Asian,No,No,Single,3,"Ruby, R",Bachelor,Biology,"789 Elm St, Smallville, KS 67005",Yes,2,,,,,,,,,,,,
Christopher,Lee,Male,East Asian,No,No,Single,4,"Java, C++",Bachelor,Physics,"321 Maple St, Bigcity, NY 10001",No,3,,,,,,,,,,,,
Jessica,Sanchez,Female,Hispanic/Latino,No,Yes,Single,2,"Python, SQL",Associate,Math,"567 Pine St, Othertown, FL 32801",Yes,1,,,,,,,,,,,,
Matthew,Jensen,Male,European,No,No,Single,4,"Python, Java",Bachelor,Engineering,"234 Spruce St, Mountainview, CO 80301",No,3,,,,,,,,,,,,
Olivia,Ali,Female,Middle Eastern,No,No,Single,2,"SQL, Ruby",Bachelor,Math,"345 Cypress St, Lakeside, MI 49001",Yes,2,,,,,,,,,,,,
Benjamin,Hall,Male,White,No,No,Single,3,"JavaScript, HTML/CSS",Bachelor,Computer Science,"1234 Oak St, Riverview, TX 75001",Yes,2,,,,,,,,,,,,
Alexander,Hassan,Male,South Asian,No,No,Married,4,"Python, R",Master's,Biology,"5678 Cedar St, Brookside, NJ 08001",No,3,,,,,,,,,,,,
Gabriella,Reyes,Female,Hispanic/Latino,Yes,No,Single,2,"Java, SQL",Associate,Engineering,"9012 Maple St, Sunnyville, CA 94001",Yes,1,,,,,,,,,,,,
Samuel,Kim,Male,East Asian,No,No,Single,4,"Python, Java",Bachelor,Computer Science,"678 Walnut St, Cityville, PA 19101",Yes,3,,,,,,,,,,,,
Anthony,Garcia,Male,Hispanic/Latino,Yes,No,Married,5,"JavaScript, HTML/CSS",Master's,Engineering,"901 Cedar St, Suburbiaville, OH 43001",No,4,,,,,,,,,,,,
Isabella,Patel,Female,South Asian,No,No,Single,3,"Ruby, R",Bachelor,Biology,"456 Elm St, Anytown, IL 60123",Yes,2,,,,,,,,,,,,
Logan,Lee,Male,East Asian,No,No,Single,4,"Java, C++",Bachelor,Physics,"123 Main St, Apt 1, San Francisco, CA 94105",No,3,,,,,,,,,,,,
Sophia,Sanchez,Female,Hispanic/Latino,No,Yes,Single,2,"Python, SQL",Associate,Math,"789 Oak St, Smallville, KS 67005",Yes,1,,,,,,,,,,,,
Mia,Jensen,Female,European,No,No,Single,4,"Python, Java",Bachelor,Engineering,"234 Spruce St, Mountainview, CO 80301",No,3,,,,,,,,,,,,
Julian,Ali,Male,Middle Eastern,No,No,Single,2,"SQL, Ruby",Bachelor,Math,"345 Cypress St, Lakeside, MI 49001",Yes,2,,,,,,,,,,,,
Charlotte,Hall,Female,White,No,No,Single,3,"JavaScript, HTML/CSS",Bachelor,Computer Science,"1234 Oak St, Riverview, TX 75001",Yes,2,,,,,,,,,,,,
Abigail,Hassan,Female,South Asian,No,No,Married,4,"Python, R",Master's,Biology,"5678 Cedar St, Brookside, NJ 08001",No,3,,,,,,,,,,,,
Elijah,Reyes,Male,Hispanic/Latino,Yes,No,Single,2,"Java, SQL",Associate,Engineering,"9012 Maple St, Sunnyville, CA 94001",Yes,1,,,,,,,,,,,,
Harper,Kim,Male,East Asian,No,No,Single,4,"Python, Java",Bachelor,Computer Science,"678 Walnut St, Cityville, PA 19101",Yes,3,,,,,,,,,,,,
Ava,Garcia,Female,Hispanic/Latino,Yes,No,Married,5,"JavaScript, HTML/CSS",Master's,Engineering,"901 Cedar St, Suburbiaville, OH 43001",No,4,,,,,,,,,,,,
Evelyn,Patel,Female,South Asian,No,No,Single,3,"Ruby, R",Bachelor,Biology,"456 Elm St, Anytown, IL 60123",Yes,2,,,,,,,,,,,,
William,Lee,Male,East Asian,No,No,Single,4,"Java, C++",Bachelor,Physics,"123 Main St, Apt 1, San Francisco, CA 94105",No,3,,,,,,,,,,,,
Riley,Sanchez,Male,Hispanic/Latino,No,Yes,Single,2,"Python, SQL",Associate,Math,"789 Oak St, Smallville, KS 67005",Yes,1,,,,,,,,,,,,
Zoe,Jensen,Female,European,No,No,Single,4,"Python, Java",Bachelor,Engineering,"234 Spruce St, Mountainview, CO 80301",No,3,,,,,,,,,,,,
Lila,Ali,Female,Middle Eastern,No,No,Single,2,"SQL, Ruby",Bachelor,Math,"345 Cypress St, Lakeside, MI 49001",Yes,2,,,,,,,,,,,,
Eric,Hall,Male,White,No,No,Single,3,"JavaScript, HTML/CSS",Bachelor,Computer Science,"1234 Oak St, Riverview, TX 75001",Yes,2,,,,,,,,,,,,
Sofia,Hassan,Female,South Asian,No,No,Married,4,"Python, R",Master's,Biology,"5678 Cedar St, Brookside, NJ 08001",No,3,,,,,,,,,,,,
Gabriel,Reyes,Male,Hispanic/Latino,Yes,No,Single,2,"Java, SQL",Associate,Engineering,"9012 Maple St, Sunnyville, CA 94001",Yes,1,,,,,,,,,,,,
Julia,Kim,Female,East Asian,No,No,Single,4,"Python, Java",Bachelor,Computer Science,"678 Walnut St, Cityville, PA 19101",Yes,3,,,,,,,,,,,,
Michael,Garcia,Male,Hispanic/Latino,Yes,No,Married,5,"JavaScript, HTML/CSS",Master's,Engineering,"901 Cedar St, Suburbiaville, OH 43001",No,4,,,,,,,,,,,,
Emily,Patel,Female,South Asian,No,No,Single,3,"Ruby, R",Bachelor,Biology,"456 Elm St, Anytown, IL 60123",Yes,2,,,,,,,,,,,,
Logan,Lee,Male,East Asian,No,No,Single,4,"Java, C++",Bachelor,Physics,"123 Main St, Apt 1, San Francisco, CA 94105",No,3,,,,,,,,,,,,
Isabella,Sanchez,Female,Hispanic/Latino,No,Yes,Single,2,"Python, SQL",Associate,Math,"789 Oak St, Smallville, KS 67005",Yes,1,,,,,,,,,,,,
Alexander,Jensen,Male,European,No,No,Single,4,"Python, Java",Bachelor,Engineering,"234 Spruce St, Mountainview, CO 80301",No,3,,,,,,,,,,,,
Olivia,Ali,Female,Middle Eastern,No,No,Single,2,"SQL, Ruby",Bachelor,Math,"345 Cypress St, Lakeside, MI 49001",Yes,2,,,,,,,,,,,,
Benjamin,Hall,Male,White,No,No,Single,3,"JavaScript, HTML/CSS",Bachelor,Computer Science,"1234 Oak St, Riverview, TX 75001",Yes,2,,,,,,,,,,,,
Rebecca,Hassan,Female,South Asian,No,No,Married,4,"Python, R",Master's,Biology,"5678 Cedar St, Brookside, NJ 08001",No,3,,,,,,,,,,,,
Christopher,Reyes,Male,Hispanic/Latino,Yes,No,Single,2,"Java, SQL",Associate,Engineering,"9012 Maple St, Sunnyville, CA 94001",Yes,1,,,,,,,,,,,,
Jessica,Kim,Female,East Asian,No,No,Single,4,"Python, Java",Bachelor,Computer Science,"678 Walnut St, Cityville, PA 19101",Yes,3,,,,,,,,,,,,
Matthew,Garcia,Male,Hispanic/Latino,Yes,No,Married,5,"JavaScript, HTML/CSS",Master's,Engineering,"901 Cedar St, Suburbiaville, OH 43001",No,4,,,,,,,,,,,,
Sarah,Patel,Female,South Asian,No,No,Single,3,"Ruby, R",Bachelor,Biology,"456 Elm St, Anytown, IL 60123",Yes,2,,,,,,,,,,,,
Joseph,Lee,Male,East Asian,No,No,Single,4,"Java, C++",Bachelor,Physics,"123 Main St, Apt 1, San Francisco, CA 94105",No,3,,,,,,,,,,,,
Elizabeth,Sanchez,Female,Hispanic/Latino,No,Yes,Single,2,"Python, SQL",Associate,Math,"789 Oak St, Smallville, KS 67005",Yes,1,,,,,,,,,,,,
Daniel,Jensen,Male,European,No,No,Single,4,"Python, Java",Bachelor,Engineering,"234 Spruce St, Mountainview, CO 80301",No,3,,,,,,,,,,,,
Madison,Ali,Female,Middle Eastern,No,No,Single,2,"SQL, Ruby",Bachelor,Math,"345 Cypress St, Lakeside, MI 49001",Yes,2,,,,,,,,,,,,
Andrew,Hall,Male,White,No,No,Single,3,"JavaScript, HTML/CSS",Bachelor,Computer Science,"1234 Oak St, Riverview, TX 75001",Yes,2,,,,,,,,,,,,
Lauren,Hassan,Female,South Asian,No,No,Married,4,"Python, R",Master's,Biology,"5678 Cedar St, Brookside, NJ 08001",No,3,,,,,,,,,,,,
Kevin,Reyes,Male,Hispanic/Latino,Yes,No,Single,2,"Java, SQL",Associate,Engineering,"9012 Maple St, Sunnyville, CA 94001",Yes,1,,,,,,,,,,,,
Taylor,Kim,Female,East Asian,No,No,Single,4,"Python, Java",Bachelor,Computer Science,"678 Walnut St, Cityville, PA 19101",Yes,3,,,,,,,,,,,,
Brian,Garcia,Male,Hispanic/Latino,Yes,No,Married,5,"JavaScript, HTML/CSS",Master's,Engineering,"901 Cedar St, Suburbiaville, OH 43001",No,4,,,,,,,,,,,,
Abigail,Patel,Female,South Asian,No,No,Single,3,"Ruby, R",Bachelor,Biology,"456 Elm St, Anytown, IL 60123",Yes,2,,,,,,,,,,,,
Tyler,Lee,Male,East Asian,No,No,Single,4,"Java, C++",Bachelor,Physics,"123 Main St, Apt 1, San Francisco, CA 94105",No,3,,,,,,,,,,,,
Kayla,Sanchez,Female,Hispanic/Latino,No,Yes,Single,2,"Python, SQL",Associate,Math,"789 Oak St, Smallville, KS 67005",Yes,1,,,,,,,,,,,,
Ryan,Jensen,Male,European,No,No,Single,4,"Python, Java",Bachelor,Engineering,"234 Spruce St, Mountainview, CO 80301",No,3,,,,,,,,,,,,
Nicole,Ali,Female,Middle Eastern,No,No,Single,2,"SQL, Ruby",Bachelor,Math,"345 Cypress St, Lakeside, MI 49001",Yes,2,,,,,,,,,,,,
Jacob,Hall,Male,White,No,No,Single,3,"JavaScript, HTML/CSS",Bachelor,Computer Science,"1234 Oak St, Riverview, TX 75001",Yes,2,,,,,,,,,,,,
Hannah,Hassan,Female,South Asian,No,No,Married,4,"Python, R",Master's,Biology,"5678 Cedar St, Brookside, NJ 08001",No,3,,,,,,,,,,,,
Richard,Reyes,Male,Hispanic/Latino,Yes,No,Single,2,"Java, SQL",Associate,Engineering,"9012 Maple St, Sunnyville, CA 94001",Yes,1,,,,,,4,"Python, Java",Bachelor,Computer Science,"678 Walnut St, Cityville, PA 19101",Yes,3
Justin,Garcia,Male,Hispanic/Latino,Yes,No,Married,5,"JavaScript, HTML/CSS",Master's,Engineering,"901 Cedar St, Suburbiaville, OH 43001",No,4,,,,,,,,,,,,
Samantha,Patel,Female,South Asian,No,No,Single,3,"Ruby, R",Bachelor,Biology,"456 Elm St, Anytown, IL 60123",Yes,2,,,,,,,,,,,,
Stephen,Lee,Male,East Asian,No,No,Single,4,"Java, C++",Bachelor,Physics,"123 Main St, Apt 1, San Francisco, CA 94105",No,3,,,,,,,,,,,,
Amanda,Sanchez,Female,Hispanic/Latino,No,Yes,Single,2,"Python, SQL",Associate,Math,"789 Oak St, Smallville, KS 67005",Yes,1,,,,,,,,,,,,
Thomas,Jensen,Male,European,No,No,Single,4,"Python, Java",Bachelor,Engineering,"234 Spruce St, Mountainview, CO 80301",No,3,,,,,,,,,,,,
Elizabeth,Ali,Female,Middle Eastern,No,No,Single,2,"SQL, Ruby",Bachelor,Math,"345 Cypress St, Lakeside, MI 49001",Yes,2,,,,,,,,,,,,
Christopher,Hall,Male,White,No,No,Single,3,"JavaScript, HTML/CSS",Bachelor,Computer Science,"1234 Oak St, Riverview, TX 75001",Yes,2,,,,,,,,,,,,
Melissa,Hassan,Female,South Asian,No,No,Married,4,"Python, R",Master's,Biology,"5678 Cedar St, Brookside, NJ 08001",No,3,,,,,,,,,,,,
Anthony,Reyes,Male,Hispanic/Latino,Yes,No,Single,2,"Java, SQL",Associate,Engineering,"9012 Maple St, Sunnyville, CA 94001",Yes,1,,,,,,,,,,,,
Emily,Kim,Female,East Asian,No,No,Single,4,"Python, Java",Bachelor,Computer Science,"678 Walnut St, Cityville, PA 19101",Yes,3,,,,,,,,,,,,
Brandon,Garcia,Male,Hispanic/Latino,Yes,No,Married,5,"JavaScript, HTML/CSS",Master's,Engineering,"901 Cedar St, Suburbiaville, OH 43001",No,4,,,,,,,,,,,,
Sarah,Patel,Female,South Asian,No,No,Single,3,"Ruby, R",Bachelor,Biology,"456 Elm St, Anytown, IL 60123",Yes,2,,,,,,,,,,,,
Matthew,Lee,Male,East Asian,No,No,Single,4,"Java, C++",Bachelor,Physics,"123 Main St, Apt 1, San Francisco, CA 94105",No,3,,,,,,,,,,,,
Lauren,Sanchez,Female,Hispanic/Latino,No,Yes,Single,2,"Python, SQL",Associate,Math,"789 Oak St, Smallville, KS 67005",Yes,1,,,,,,,,,,,,
Kevin,Jensen,Male,European,No,No,Single,4,"Python, Java",Bachelor,Engineering,"234 Spruce St, Mountainview, CO 80301",No,3,,,,,,,,,,,,
Taylor,Ali,Female,Middle Eastern,No,No,Single,2,"SQL, Ruby",Bachelor,Math,"345 Cypress St, Lakeside, MI 49001",Yes,2,,,,,,,,,,,,
Joseph,Hall,Male,White,No,No,Single,3,"JavaScript, HTML/CSS",Bachelor,Computer Science,"1234 Oak St, Riverview, TX 75001",Yes,2,,,,,,,,,,,,
Rachel,Hassan,Female,South Asian,No,No,Married,4,"Python, R",Master's,Biology,"5678 Cedar St, Brookside, NJ 08001",No,3,,,,,,,,,,,,
Michael,Reyes,Male,Hispanic/Latino,Yes,No,Single,2,"Java, SQL",Associate,Engineering,"9012 Maple St, Sunnyville, CA 94001",Yes,1,,,,,,,,,,,,
Jessica,Kim,Female,East Asian,No,No,Single,4,"Python, Java",Bachelor,Computer Science,"678 Walnut St, Cityville, PA 19101",Yes,3,,,,,,,,,,,,
Daniel,Garcia,Male,Hispanic/Latino,Yes,No,Married,5,"JavaScript, HTML/CSS",Master's,Engineering,"901 Cedar St, Suburbiaville, OH 43001",Yes,2,,,,,,,,,,,,
Julia,Lee,Female,East Asian,No,No,Single,4,"Java, C++",Bachelor,Physics,"123 Main St, Apt 1, San Francisco, CA 94105",No,3,,,,,,,,,,,,
Alexander,Sanchez,Male,Hispanic/Latino,No,Yes,Single,2,"Python, SQL",Associate,Math,"789 Oak St, Smallville, KS 67005",Yes,1,,,,,,,,,,,,
Abigail,Jensen,Female,European,No,No,Single,4,"Python, Java",Bachelor,Engineering,"234 Spruce St, Mountainview, CO 80301",No,3,,,,,,,,,,,,
Owen,Ali,Male,Middle Eastern,No,No,Single,2,"SQL, Ruby",Bachelor,Math,"345 Cypress St, Lakeside, MI 49001",Yes,2,,,,,,,,,,,,
Madison,Hall,Female,White,No,No,Single,3,"JavaScript, HTML/CSS",Bachelor,Computer Science,"1234 Oak St, Riverview, TX 75001",Yes,2,,,,,,,,,,,,
Logan,Hassan,Male,South Asian,No,No,Married,4,"Python, R",Master's,Biology,"5678 Cedar St, Brookside, NJ 08001",No,3,,,,,,,,,,,,
Gabriel,Reyes,Male,Hispanic/Latino,Yes,No,Single,2,"Java, SQL",Associate,Engineering,"9012 Maple St, Sunnyville, CA 94001",Yes,1,,,,,,,,,,,,
Emily,Kim,Female,East Asian,No,No,Single,4,"Python, Java",Bachelor,Computer Science,"678 Walnut St, Cityville, PA 19101",Yes,3,,,,,,,,,,,,
William,Garcia,Male,Hispanic/Latino,Yes,No,Married,5,"JavaScript, HTML/CSS",Master's,Engineering,"901 Cedar St, Suburbiaville, OH 43001",No,4,,,,,,,,,,,,
Isabella,Patel,Female,South Asian,No,No,Single,3,"Ruby, R",Bachelor,Biology,"456 Elm St, Anytown, IL 60123",Yes,2,,,,,,,,,,,,
Elijah,Lee,Male,East Asian,No,No,Single,4,"Java, C++",Bachelor,Physics,"123 Main St, Apt 1, San Francisco, CA 94105",No,3,,,,,,,,,,,,
Sydney,Sanchez,Female,Hispanic/Latino,No,Yes,Single,2,"Python, SQL",Associate,Math,"789 Oak St, Smallville, KS 67005",Yes,1,,,,,,,,,,,,
Benjamin,Jensen,Male,European,No,No,Single,4,"Python, Java",Bachelor,Engineering,"234 Spruce St, Mountainview, CO 80301",No,3,,,,,,,,,,,,
Charlotte,Ali,Female,Middle Eastern,No,No,Single,2,"SQL, Ruby",Bachelor,Math,"345 Cypress St, Lakeside, MI 49001",Yes,2,,,,,,,,,,,,
Julian,Hall,Male,White,No,No,Single,3,"JavaScript, HTML/CSS",Bachelor,Computer Science,"1234 Oak St, Riverview, TX 75001",Yes,2,,,,,,,,,,,,
Ava,Hassan,Female,South Asian,No,No,Married,4,"Python, R",Master's,Biology,"5678 Cedar St, Brookside, NJ 08001",No,3,,,,,,,,,,,,
Christopher,Reyes,Male,Hispanic/Latino,Yes,No,Single,2,"Java, SQL",Associate,Engineering,"9012 Maple St, Sunnyville, CA 94001",Yes,1,,,,,,,,,,,,
Sophia,Kim,Female,East Asian,No,No,Single,4,"Python, Java",Bachelor,Computer Science,"678 Walnut St, Cityville, PA 19101",Yes,3,,,,,,,,,,,,
Michael,Garcia,Male,Hispanic/Latino,Yes,No,Married,5,"JavaScript, HTML/CSS",Master's,Engineering,"901 Cedar St, Suburbiaville, OH 43001",No,4,,,,,,,,,,,,
Olivia,Patel,Female,South Asian,No,No,Single,3,"Ruby, R",Bachelor,Biology,"456 Elm St, Anytown, IL 60123",Yes,2,,,,,,,,,,,,
Jackson,Lee,Male,East Asian,No,No,Single,4,"Java, C++",Bachelor,Physics,"123 Main St, Apt 1, San Francisco, CA, 94016",No,3,,,,,,,,,,,,
Amelia,Jensen,Female,European,No,No,Single,4,"Python, Java",Bachelor,Engineering,"234 Spruce St, Mountainview, CO 80301",No,3,,,,,,,,,,,,
Evelyn,Ali,Female,Middle Eastern,No,No,Single,2,"SQL, Ruby",Bachelor,Math,"345 Cypress St, Lakeside, MI 49001",Yes,2,,,,,,,,,,,,
Lucas,Hall,Male,White,No,No,Single,3,"JavaScript, HTML/CSS",Bachelor,Computer Science,"1234 Oak St, Riverview, TX 75001",Yes,2,,,,,,,,,,,,
Victoria,Hassan,Female,South Asian,No,No,Married,4,"Python, R",Master's,Biology,"5678 Cedar St, Brookside, NJ 08001",No,3,,,,,,,,,,,,
Gabriella,Reyes,Female,Hispanic/Latino,Yes,No,Single,2,"Java, SQL",Associate,Engineering,"9012 Maple St, Sunnyville, CA 94001",Yes,1,,,,,,,,,,,,
Samuel,Kim,Male,East Asian,No,No,Single,4,"Python, Java",Bachelor,Computer Science,"678 Walnut St, Cityville, PA 19101",Yes,3,,,,,,,,,,,,
Ariana,Garcia,Female,Hispanic/Latino,Yes,No,Married,5,"JavaScript, HTML/CSS",Master's,Engineering,"901 Cedar St, Suburbiaville, OH 43001",No,4,,,,,,,,,,,,
Sebastian,Patel,Male,South Asian,No,No,Single,3,"Ruby, R",Bachelor,Biology,"456 Elm St, Anytown, IL 60123",Yes,2,,,,,,,,,,,,
Julia,Lee,Female,East Asian,No,No,Single,4,"Java, C++",Bachelor,Physics,"123 Main St, Apt 1, San Francisco, CA 94105",No,3,,,,,,,,,,,,
Alexander,Sanchez,Male,Hispanic/Latino,No,Yes,Single,2,"Python, SQL",Associate,Math,"789 Oak St, Smallville, KS 67005",Yes,1,,,,,,,,,,,,
Sophia,Jensen,Female,European,No,No,Single,4,"Python, Java",Bachelor,Engineering,"234 Spruce St, Mountainview, CO 80301",No,3,,,,,,,,,,,,
Michael,Ali,Male,Middle Eastern,No,No,Single,2,"SQL, Ruby",Bachelor,Math,"345 Cypress St, Lakeside, MI 49001",Yes,2,,,,,,,,,,,,
Emily,Hall,Female,White,No,No,Single,3,"JavaScript, HTML/CSS",Bachelor,Computer Science,"1234 Oak St, Riverview, TX 75001",Yes,2,,,,,,,,,,,,
William,Hassan,Male,South Asian,No,No,Married,4,"Python, R",Master's,Biology,"5678 Cedar St, Brookside, NJ 08001",No,3,,,,,,,,,,,,
Olivia,Reyes,Female,Hispanic/Latino,Yes,No,Single,2,"Java, SQL",Associate,Engineering,"9012 Maple St, Sunnyville, CA 94001",Yes,1,,,,,,,,,,,,
Benjamin,Kim,Male,East Asian,No,No,Single,4,"Python, Java",Bachelor,Computer Science,"678 Walnut St, Cityville, PA 19101",Yes,3,,,,,,,,,,,,
Charlotte,Garcia,Female,Hispanic/Latino,Yes,No,Married,5,"JavaScript, HTML/CSS",Master's,Engineering,"901 Cedar St, Suburbiaville, OH 43001",No,4,,,,,,,,,,,,
Abigail,Patel,Female,South Asian,No,No,Single,3,"Ruby, R",Bachelor,Biology,"456 Elm St, Anytown, IL 60123",Yes,2,,,,,,,,,,,,
Christopher,Lee,Male,East Asian,No,No,Single,4,"Java, C++",Bachelor,Physics,"123 Main St, Apt 1, San Francisco, CA 94105",No,3,,,,,,,,,,,,
Madison,Sanchez,Female,Hispanic/Latino,No,Yes,Single,2,"Python, SQL",Associate,Math,"789 Oak St, Smallville, KS 67005",Yes,1,,,,,,,,,,,,
Julian,Jensen,Male,European,No,No,Single,4,"Python, Java",Bachelor,Engineering,"234 Spruce St, Mountainview, CO 80301""",No,3,,,,,,,,,,,,
Isabella,Ali,Female,Middle Eastern,No,No,Single,2,"SQL, Ruby",Bachelor,Math,"345 Cypress St, Lakeside, MI 49001",Yes,2,,,,,,,,,,,,
Elijah,Hall,Male,White,No,No,Single,3,"JavaScript, HTML/CSS",Bachelor,Computer Science,"1234 Oak St, Riverview, TX 75001",Yes,2,,,,,,,,,,,,
Sydney,Hassan,Female,South Asian,No,No,Married,4,"Python, R",Master's,Biology,"5678 Cedar St, Brookside, NJ 08001",No,3,,,,,,,,,,,,
Gabriel,Reyes,Male,Hispanic/Latino,Yes,No,Single,2,"Java, SQL",Associate,Engineering,"9012 Maple St, Sunnyville, CA 94001",Yes,1,,,,,,,,,,,,
Emily,Kim,Female,East Asian,No,No,Single,4,"Python, Java",Bachelor,Computer Science,"678 Walnut St, Cityville, PA 19101",Yes,3,,,,,,,,,,,,
Michael,Garcia,Male,Hispanic/Latino,Yes,No,Married,5,"JavaScript, HTML/CSS",Master's,Engineering,"901 Cedar St, Suburbiaville, OH 43001",No,4,,,,,,,,,,,,
Charlotte,Patel,Female,South Asian,No,No,Single,3,"Ruby, R",Bachelor,Biology,"456 Elm St, Anytown, IL 60123",Yes,2,,,,,,,,,,,,
Alexander,Lee,Male,East Asian,No,No,Single,4,"Java, C++",Bachelor,Physics,"123 Main St, Apt 1, San Francisco, CA 94105",No,3,,,,,,,,,,,,
Abigail,Sanchez,Female,Hispanic/Latino,No,Yes,Single,2,"Python, SQL",Associate,Math,"789 Oak St, Smallville, KS 67005",Yes,1,,,,,,,,,,,,
Julian,Jensen,Male,European,No,No,Single,4,"Python, Java",Bachelor,Engineering,"234 Spruce St, Mountainview, CO 80301",No,3,,,,,,,,,,,,
Riley,Ali,Male,Middle Eastern,No,No,Single,2,"SQL, Ruby",Bachelor,Math,"345 Cypress St, Lakeside, MI 49001",Yes,2,,,,,,,,,,,,
Jason,Hall,Male,White,No,No,Single,3,"JavaScript, HTML/CSS",Bachelor,Computer Science,"1234 Oak St, Riverview, TX 75001",Yes,2,,,,,,,,,,,,
Zoe,Hassan,Female,South Asian,No,No,Married,4,"Python, R",Master's,Biology,"5678 Cedar St, Brookside, NJ 08001",No,3,,,,,,,,,,,,
Christopher,Reyes,Male,Hispanic/Latino,Yes,No,Single,2,"Java, SQL",Associate,Engineering,"9012 Maple St, Sunnyville, CA 94001",Yes,1,,,,,,,,,,,,
Sophia,Kim,Female,East Asian,No,No,Single,4,"Python, Java",Bachelor,Computer Science,"678 Walnut St, Cityville, PA 19101",Yes,3,,,,,,,,,,,,
Daniel,Garcia,Male,Hispanic/Latino,Yes,No,Married,5,"JavaScript, HTML/CSS",Master's,Engineering,"901 Cedar St, Suburbiaville, OH 43001",No,4,,,,,,,,,,,,
Olivia,Patel,Female,South Asian,No,No,Single,3,"Ruby, R",Bachelor,Biology,"456 Elm St, Anytown, IL 60123",Yes,2,,,,,,,,,,,,
Benjamin,Lee,Male,East Asian,No,No,Single,4,"Java, C++",Bachelor,Physics,"123 Main St, Apt 1, San Francisco, CA 94105",No,3,,,,,,,,,,,,
Madison,Sanchez,Female,Hispanic/Latino,No,Yes,Single,2,"Python, SQL",Associate,Math,"789 Oak St, Smallville, KS 67005",Yes,1,,,,,,,,,,,,
Lucas,Jensen,Male,European,No,No,Single,4,"Python, Java",Bachelor,Engineering,"234 Spruce St, Mountainview, CO 80301",No,3,,,,,,,,,,,,
Emily,Ali,Female,Middle Eastern,No,No,Single,2,"SQL, Ruby",Bachelor,Math,"345 Cypress St, Lakeside, MI 49001",Yes,2,,,,,,,,,,,,
Logan,Hall,Male,White,No,No,Single,3,"JavaScript, HTML/CSS",Bachelor,Computer Science,"1234 Oak St, Riverview, TX 75001",Yes,2,,,,,,,,,,,,
Harper,Hassan,Male,South Asian,No,No,Married,4,"Python, R",Master's,Biology,"5678 Cedar St, Brookside, NJ 08001",No,3,,,,,,,,,,,,
Gabriella,Reyes,Female,Hispanic/Latino,Yes,No,Single,2,"Java, SQL",Associate,Engineering,"9012 Maple St, Sunnyville, CA 94001",Yes,1,,,,,,,,,,,,
Samuel,Kim,Male,East Asian,No,No,Single,4,"Python, Java",Bachelor,Computer Science,"678 Walnut St, Cityville, PA 19101",Yes,3,,,,,,,,,,,,
Ariana,Garcia,Female,Hispanic/Latino,Yes,No,Married,5,"JavaScript, HTML/CSS",Master's,Engineering,"901 Cedar St, Suburbiaville, OH 43001",No,4,,,,,,,,,,,,
Sebastian,Patel,Male,South Asian,No,No,Single,3,"Ruby, R",Bachelor,Biology,"456 Elm St, Anytown, IL 60123",Yes,2,,,,,,,,,,,,
Julia,Lee,Female,East Asian,No,No,Single,4,"Java, C++",Bachelor,Physics,"123 Main St, Apt 1, San Francisco, CA 94105",No,3,,,,,,,,,,,,
Alexander,Sanchez,Male,Hispanic/Latino,No,Yes,Single,2,"Python, SQL",Associate,Math,"789 Oak St, Smallville, KS 67005",Yes,1,,,,,,,,,,,,
Sophia,Jensen,Female,European,No,No,Single,4,"Python, Java",Bachelor,Engineering,"234 Spruce St, Mountainview, CO 80301",No,3,,,,,,,,,,,,
Michael,Ali,Male,Middle Eastern,No,No,Single,2,"SQL, Ruby",Bachelor,Math,"345 Cypress St, Lakeside, MI 49001",Yes,2,,,,,,,,,,,,
Emily,Hall,Female,White,No,No,Single,3,"JavaScript, HTML/CSS",Bachelor,Computer Science,"1234 Oak St, Riverview, TX 75001",Yes,2,,,,,,,,,,,,
William,Hassan,Male,South Asian,No,No,Married,4,"Python, R",Master's,Biology,"5678 Cedar St, Brookside, NJ 08001",No,3,,,,,,,,,,,,
Olivia,Reyes,Female,Hispanic/Latino,Yes,No,Single,2,"Java, SQL",Associate,Engineering,"9012 Maple St, Sunnyville, CA 94001",Yes,1,,,,,,,,,,,,
Benjamin,Kim,Male,East Asian,No,No,Single,4,"Python, Java",Bachelor,Computer Science,"678 Walnut St, Cityville, PA 19101",Yes,3,,,,,,,,,,,,
Charlotte,Garcia,Female,Hispanic/Latino,Yes,No,Married,5,"JavaScript, HTML/CSS",Master's,Engineering,"901 Cedar St, Suburbiaville, OH 43001",No,4,,,,,,,,,,,,
Abigail,Patel,Female,South Asian,No,No,Single,3,"Ruby, R",Bachelor,Biology,"456 Elm St, Anytown, IL 60123",Yes,2,,,,,,,,,,,,
Christopher,Lee,Male,East Asian,No,No,Single,4,"Java, C++",Bachelor,Physics,"123 Main St, Apt 1, San Francisco, CA 94105",No,3,,,,,,,,,,,,
Madison,Sanchez,Female,Hispanic/Latino,No,Yes,Single,2,"Python, SQL",Associate,Math,"789 Oak St, Smallville, KS 67005",Yes,1,,,,,,,,,,,,
Julian,Jensen,Male,European,No,No,Single,4,"Python, Java",Bachelor,Engineering,"234 Spruce St, Mountainview, CO 80301",No,3,,,,,,,,,,,,
Riley,Ali,Male,Middle Eastern,No,No,Single,2,"SQL, Ruby",Bachelor,Math,"345 Cypress St, Lakeside, MI 49001",Yes,2,,,,,,,,,,,,
Jason,Hall,Male,White,No,No,Single,3,"JavaScript, HTML/CSS",Bachelor,Computer Science,"1234 Oak St, Riverview, TX 75001",Yes,2,,,,,,,,,,,,
Zoe,Hassan,Female,South Asian,No,No,Married,4,"Python, R",Master's,Biology,"5678 Cedar St, Brookside, NJ 08001",No,3,,,,,,,,,,,,
Aaliyah,Washington,Female,Black,No,No,Single,2,"Python, SQL",Associate,Math,"1234 Oak St, Riverview, TX 75001",Yes,2,,,,,,,,,,,,
Kofi,Brown,Male,Black,No,No,Single,3,"JavaScript, HTML/CSS",Bachelor,Computer Science,"456 Elm St, Anytown, IL 60123",Yes,2,,,,,,,,,,,,
Nia,Davis,Female,Black,No,No,Single,2,"Ruby, R",Bachelor,Biology,"789 Oak St, Smallville, KS 67005",Yes,1,,,,,,,,,,,,
Malik,Johnson,Male,Black,No,No,Single,4,"Java, C++",Bachelor,Physics,"9012 Maple St, Sunnyville, CA 94001",No,3,,,,,,,,,,,,
Amara,Williams,Female,Black,No,No,Single,3,"Python, Java",Bachelor,Engineering,"234 Spruce St, Mountainview, CO 80301",No,3,,,,,,,,,,,,
Jaxon,Hall,Male,Black,No,No,Single,3,"JavaScript, HTML/CSS",Bachelor,Computer Science,"1234 Oak St, Riverview, TX 75001",Yes,2,,,,,,,,,,,,
Ayanna,Harris,Female,Black,No,No,Married,4,"Python, R",Master's,Biology,"5678 Cedar St, Brookside, NJ 08001",No,3,,,,,,,,,,,,
Elijah,Martin,Male,Black,Yes,No,Single,2,"Java, SQL",Associate,Engineering,"9012 Maple St, Sunnyville, CA 94001",Yes,1,,,,,,,,,,,,
Sophia,Thompson,Female,Black,No,No,Single,4,"Python, Java",Bachelor,Computer Science,"678 Walnut St, Cityville, PA 19101",Yes,3,,,,,,,,,,,,
Daniel,Jackson,Male,Black,Yes,No,Married,5,"JavaScript, HTML/CSS",Master's,Engineering,"901 Cedar St, Suburbiaville, OH 43001",No,4,,,,,,,,,,,,
Olivia,Brown,Female,Black,No,No,Single,3,"Ruby, R",Bachelor,Biology,"456 Elm St, Anytown, IL 60123",Yes,2,,,,,,,,,,,,
Benjamin,Davis,Male,Black,No,No,Single,4,"Java, C++",Bachelor,Physics,"123 Main St, Apt 1, San Francisco, CA 94105",No,3,,,,,,,,,,,,
Madison,Washington,Female,Black,No,Yes,Single,2,"Python, SQL",Associate,Math,"789 Oak St, Smallville, KS 67005",Yes,1,,,,,,,,,,,,
Lucas,Johnson,Male,Black,No,No,Single,4,"Python, Java",Bachelor,Engineering,"234 Spruce St, Mountainview, CO 80301",No,3,,,,,,,,,,,,
Emily,Williams,Female,Black,No,No,Single,2,"SQL, Ruby",Bachelor,Math,"345 Cypress St, Lakeside, MI 49001",Yes,2,,,,,,,,,,,,
Logan,Hall,Male,Black,No,No,Single,3,"JavaScript, HTML/CSS",Bachelor,Computer Science,"1234 Oak St, Riverview, TX 75001",Yes,2,,,,,,,,,,,,
Harper,Harris,Male,Black,No,No,Married,4,"Python, R",Master's,Biology,"5678 Cedar St, Brookside, NJ 08001",No,3,,,,,,,,,,,,
Gabriella,Martin,Female,Black,Yes,No,Single,2,"Java, SQL",Associate,Engineering,"9012 Maple St, Sunnyville, CA 94001",Yes,1,,,,,,,,,,,,
Samuel,Thompson,Male,Black,No,No,Single,4,"Python, Java",Bachelor,Computer Science,"678 Walnut St, Cityville, PA 19101",Yes,3,,,,,,,,,,,,
Julia,Jackson,Female,Black,No,No,Single,2,"Python, SQL",Associate,Math,"1234 Oak St, Riverview, TX 75001",Yes,2,,,,,,,,,,,,
Kameron,Brown,Male,Black,No,No,Single,3,"JavaScript, HTML/CSS",Bachelor,Computer Science,"456 Elm St, Anytown, IL 60123",Yes,2,,,,,,,,,,,,
Nyla,Davis,Female,Black,No,No,Single,2,"Ruby, R",Bachelor,Biology,"789 Oak St, Smallville, KS 67005",Yes,1,,,,,,,,,,,,
Jordan,Williams,Male,Black,No,No,Single,4,"Java, C++",Bachelor,Physics,"9012 Maple St, Sunnyville, CA 94001",No,3,,,,,,,,,,,,
Aisha,Johnson,Female,Black,No,No,Single,2,"Python, SQL",Associate,Math,"1234 Oak St, Riverview, TX 75001",Yes,2,,,,,,,,,,,,
Khalil,Brown,Male,Black,No,No,Single,3,"JavaScript, HTML/CSS",Bachelor,Computer Science,"456 Elm St, Anytown, IL 60123",Yes,2,,,,,,,,,,,,
Nia,Davis,Female,Black,No,No,Single,2,"Ruby, R",Bachelor,Biology,"789 Oak St, Smallville, KS 67005",Yes,1,,,,,,,,,,,,
Malcolm,Martin,Male,Black,Yes,No,Single,2,"Java, SQL",Associate,Engineering,"9012 Maple St, Sunnyville, CA 94001",Yes,1,,,,,,,,,,,,
Amara,Thompson,Female,Black,No,No,Single,4,"Python, Java",Bachelor,Computer Science,"678 Walnut St, Cityville, PA 19101",Yes,3,,,,,,,,,,,,
Jalen,Jackson,Male,Black,Yes,No,Married,5,"JavaScript, HTML/CSS",Master's,Engineering,"901 Cedar St, Suburbiaville, OH 43001",No,4,,,,,,,,,,,,
Olivia,Washington,Female,Black,No,No,Single,3,"Ruby, R",Bachelor,Biology,"456 Elm St, Anytown, IL 60123",Yes,2,,,,,,,,,,,,
Benjamin,Harris,Male,Black,No,No,Single,4,"Java, C++",Bachelor,Physics,"123 Main St, Apt 1, San Francisco, CA 94105",No,3,,,,,,,,,,,,
Madison,Williams,Female,Black,No,Yes,Single,2,"Python, SQL",Associate,Math,"789 Oak St, Smallville, KS 67005",Yes,1,,,,,,,,,,,,
Lucas,Johnson,Male,Black,No,No,Single,4,"Python, Java",Bachelor,Engineering,"234 Spruce St, Mountainview, CO 80301",No,3,,,,,,,,,,,,
Emily,Brown,Female,Black,No,No,Single,2,"SQL, Ruby",Bachelor,Math,"345 Cypress St, Lakeside, MI 49001",Yes,2,,,,,,,,,,,,
Logan,Davis,Male,Black,No,No,Single,3,"JavaScript, HTML/CSS",Bachelor,Computer Science,"1234 Oak St, Riverview, TX 75001",Yes,2,,,,,,,,,,,,
Harper,Martin,Male,Black,No,No,Married,4,"Python, R",Master's,Biology,"5678 Cedar St, Brookside, NJ 08001",No,3,,,,,,,,,,,,
Gabriella,Thompson,Female,Black,Yes,No,Single,2,"Java, SQL",Associate,Engineering,"9012 Maple St, Sunnyville, CA 94001",Yes,1,,,,,,,,,,,,
Samuel,Jackson,Male,Black,No,No,Single,4,"Python, Java",Bachelor,Computer Science,"678 Walnut St, Cityville, PA 19101",Yes,3,,,,,,,,,,,,
Julia,Washington,Female,Black,No,No,Single,2,"Python, SQL",Associate,Math,"1234 Oak St, Riverview, TX 75001",Yes,2,,,,,,,,,,,,
Kameron,Brown,Male,Black,No,No,Single,3,"JavaScript, HTML/CSS",Bachelor,Computer Science,"456 Elm St, Anytown, IL 60123",Yes,2,,,,,,,,,,,,
Nyla,Davis,Female,Black,No,No,Single,2,"Ruby, R",Bachelor,Biology,"789 Oak St, Smallville, KS 67005",Yes,1,,,,,,,,,,,,
Maya,Johnson,Female,Black,No,No,Single,3,"Python, Java",Bachelor,Engineering,"234 Spruce St, Mountainview, CO 80301",No,3,,,,,,,,,,,,
Christopher,Williams,Male,Black,No,No,Single,4,"Java, C++",Bachelor,Physics,"9012 Maple St, Sunnyville, CA 94001",No,3,,,,,,,,,,,,
Aaliyah,Martin,Female,Black,No,No,Single,2,"Python, SQL",Associate,Math,"1234 Oak St, Riverview, TX 75001",Yes,2,,,,,,,,,,,,
Leilani,Kalani,Female,Pacific Islander,No,No,Single,2,"Python, SQL",Associate,Math,"1234 Oak St, Riverview, TX 75001",Yes,2,,,,,,,,,,,,
Kai,Mahelona,Male,Pacific Islander,No,No,Single,3,"JavaScript, HTML/CSS",Bachelor,Computer Science,"456 Elm St, Anytown, IL 60123",Yes,2,,,,,,,,,,,,
Nalani,Kahuna,Female,Pacific Islander,No,No,Single,2,"Ruby, R",Bachelor,Biology,"789 Oak St, Smallville, KS 67005",Yes,1,,,,,,,,,,,,
Ikaika,Kealoha,Male,Pacific Islander,Yes,No,Single,2,"Java, SQL",Associate,Engineering,"9012 Maple St, Sunnyville, CA 94001",Yes,1,,,,,,,,,,,,
Kalani,Maka,Male,Pacific Islander,No,No,Single,4,"Python, Java",Bachelor,Computer Science,"678 Walnut St, Cityville, PA 19101",Yes,3,,,,,,,,,,,,
Lehua,Nalu,Female,Pacific Islander,No,No,Single,3,"Ruby, R",Bachelor,Biology,"456 Elm St, Anytown, IL 60123",Yes,2,,,,,,,,,,,,
Kimo,Pono,Male,Pacific Islander,No,No,Single,4,"Java, C++",Bachelor,Physics,"123 Main St, Apt 1, San Francisco, CA 94105",No,3,,,,,,,,,,,,
Lani,Akana,Female,Pacific Islander,No,No,Single,2,"Python, SQL",Associate,Math,"789 Oak St, Smallville, KS 67005",Yes,1,,,,,,,,,,,,
Makani,Kai,Male,Pacific Islander,No,No,Single,3,"JavaScript, HTML/CSS",Bachelor,Computer Science,"234 Spruce St, Mountainview, CO 80301",Yes,2,,,,,,,,,,,,
Keala,Olsen,Female,Pacific Islander,No,No,Single,2,"SQL, Ruby",Bachelor,Math,"345 Cypress St, Lakeside, MI 49001",Yes,2,,,,,,,,,,,,
Kahiau,Kahananui,Male,Pacific Islander,No,No,Single,4,"Python, Java",Bachelor,Engineering,"901 Cedar St, Suburbiaville, OH 43001",No,3,,,,,,,,,,,,
Leilani,Kealoha,Female,Pacific Islander,No,No,Single,2,"Python, SQL",Associate,Math,"1234 Oak St, Riverview, TX 75001",Yes,2,,,,,,,,,,,,
Kaikea,Mahelona,Male,Pacific Islander,No,No,Single,3,"JavaScript, HTML/CSS",Bachelor,Computer Science,"456 Elm St, Anytown, IL 60123",Yes,2,,,,,,,,,,,,
Nalani,Kalani,Female,Pacific Islander,No,No,Single,2,"Ruby, R",Bachelor,Biology,"789 Oak St, Smallville, KS 67005",Yes,1,,,,,,,,,,,,
Ikaika,Kahuna,Male,Pacific Islander,Yes,No,Single,2,"Java, SQL",Associate,Engineering,"9012 Maple St, Sunnyville, CA 94001",Yes,1,,,,,,,,,,,,
Kalani,Kealoha,Male,Pacific Islander,No,No,Single,4,"Python, Java",Bachelor,Computer Science,"678 Walnut St, Cityville, PA 19101",Yes,3,,,,,,,,,,,,
Lehua,Nalu,Female,Pacific Islander,No,No,Single,3,"Ruby, R",Bachelor,Biology,"456 Elm St, Anytown, IL 60123",Yes,2,,,,,,,,,,,,
Kimo,Pono,Male,Pacific Islander,No,No,Single,4,"Java, C++",Bachelor,Physics,"123 Main St, Apt 1, San Francisco, CA 94105",No,3,,,,,,,,,,,,
Lani,Akana,Female,Pacific Islander,No,No,Single,2,"Python, SQL",Associate,Math,"789 Oak St, Smallville, KS 67005",Yes,1,,,,,,,,,,,,
Makani,Kai,Male,Pacific Islander,No,No,Single,3,"JavaScript, HTML/CSS",Bachelor,Computer Science,"234 Spruce St, Mountainview, CO 80301",Yes,2,,,,,,,,,,,,
Keala,Olsen,Female,Pacific Islander,No,No,Single,2,"SQL, Ruby",Bachelor,Math,"345 Cypress St, Lakeside, MI 49001",Yes,2,,,,,,,,,,,,
Kahiau,Kahananui,Male,Pacific Islander,No,No,Single,4,"Python, Java",Bachelor,Engineering,"901 Cedar St, Suburbiaville, OH 43001",No,3,,,,,,,,,,,,
Leilani,Kealoha,Female,Pacific Islander,No,No,Single,2,"Python, SQL",Associate,Math,"1234 Oak St, Riverview, TX 75001",Yes,2,,,,,,,,,,,,
Kaikea,Mahelona,Male,Pacific Islander,No,No,Single,3,"JavaScript, HTML/CSS",Bachelor,Computer Science,"456 Elm St, Anytown, IL 60123",Yes,2,,,,,,,,,,,,
Nalani,Kalani,Female,Pacific Islander,No,No,Single,2,"Ruby, R",Bachelor,Biology,"789 Oak St, Smallville, KS 67005",Yes,1,,,,,,,,,,,,
Ikaika,Kahuna,Male,Pacific Islander,Yes,No,Single,2,"Java, SQL",Associate,Engineering,"9012 Maple St, Sunnyville, CA 94001",Yes,1,,,,,,,,,,,,
Kalani,Kealoha,Male,Pacific Islander,No,No,Single,4,"Python, Java",Bachelor,Computer Science,"678 Walnut St, Cityville, PA 19101",Yes,3,,,,,,,,,,,,
Lehua,Nalu,Female,Pacific Islander,No,No,Single,3,"Ruby, R",Bachelor,Biology,"456 Elm St, Anytown, IL 60123",Yes,2,,,,,,,,,,,,
Kimo,Pono,Male,Pacific Islander,No,No,Single,4,"Java, C++",Bachelor,Physics,"123 Main St, Apt 1, San Francisco, CA 94105",No,3,,,,,,,,,,,,
Lani,Akana,Female,Pacific Islander,No,No,Single,2,"Python, SQL",Associate,Math,"789 Oak St, Smallville, KS 67005",Yes,1,,,,,,,,,,,,
Makani,Kai,Male,Pacific Islander,No,No,Single,3,"JavaScript, HTML/CSS",Bachelor,Computer Science,"234 Spruce St, Mountainview, CO 80301",Yes,2,,,,,,,,,,,,
Keala,Olsen,Female,Pacific Islander,No,No,Single,2,"SQL, Ruby",Bachelor,Math,"345 Cypress St, Lakeside, MI 49001",Yes,2,,,,,,,,,,,,
Kahiau,Kahananui,Male,Pacific Islander,No,No,Single,4,"Python, Java",Bachelor,Engineering,"901 Cedar St, Suburbiaville, OH 43001",No,3,,,,,,,,,,,,
Leilani,Kealoha,Female,Pacific Islander,No,No,Single,2,"Python, SQL",Associate,Math,"1234 Oak St, Riverview, TX 75001",Yes,2,,,,,,,,,,,,
Kaikea,Mahelona,Male,Pacific Islander,No,No,Single,3,"JavaScript, HTML/CSS",Bachelor,Computer Science,"456 Elm St, Anytown, IL 60123",Yes,2,,,,,,,,,,,,
Nalani,Kalani,Female,Pacific Islander,No,No,Single,2,"Ruby, R",Bachelor,Biology,"789 Oak St, Smallville, KS 67005",Yes,1,,,,,,,,,,,,
Ikaika,Kahuna,Male,Pacific Islander,Yes,No,Single,2,"Java, SQL",Associate,Engineering,"9012 Maple St, Sunnyville, CA 94001",Yes,1,,,,,,,,,,,,
Aaliyah,Begay,Female,Native American,No,No,Single,2,"Python, SQL",Associate,Math,"1234 Oak St, Riverview, TX 75001",Yes,2,,,,,,,,,,,,
Derek,Longfeather,Male,Native American,No,No,Single,3,"JavaScript, HTML/CSS",Bachelor,Computer Science,"456 Elm St, Anytown, IL 60123",Yes,2,,,,,,,,,,,,
Maya,Quintero,Female,Native American,No,No,Single,2,"Ruby, R",Bachelor,Biology,"789 Oak St, Smallville, KS 67005",Yes,1,,,,,,,,,,,,
Elijah,Tsosie,Male,Native American,Yes,No,Single,2,"Java, SQL",Associate,Engineering,"9012 Maple St, Sunnyville, CA 94001",Yes,1,,,,,,,,,,,,
Jordan,Martinez,Female,Native American,No,No,Single,3,"Ruby, R",Bachelor,Biology,"456 Elm St, Anytown, IL 60123",Yes,2,,,,,,,,,,,,
Cameron,Greyeyes,Male,Native American,No,No,Single,4,"Python, Java",Bachelor,Computer Science,"234 Spruce St, Mountainview, CO 80301",Yes,3,,,,,,,,,,,,
Savannah,Laughter,Female,Native American,No,No,Single,2,"Python, SQL",Associate,Math,"789 Oak St, Smallville, KS 67005",Yes,1,,,,,,,,,,,,
Tristan,Many Horses,Male,Native American,No,No,Single,3,"JavaScript, HTML/CSS",Bachelor,Computer Science,"1234 Oak St, Riverview, TX 75001",Yes,2,,,,,,,,,,,,
Kaius,Littlecrow,Male,Native American,No,No,Single,4,"Java, C++",Bachelor,Physics,"901 Cedar St, Suburbiaville, OH 43001",No,3,,,,,,,,,,,,
Jasmine,Redwing,Female,Native American,No,No,Single,2,"SQL, Ruby",Bachelor,Math,"345 Cypress St, Lakeside, MI 49001",Yes,2,,,,,,,,,,,,
Kameron,Rattler,Male,Native American,No,No,Single,3,"JavaScript, HTML/CSS",Bachelor,Computer Science,"456 Elm St, Anytown, IL 60123",Yes,2,,,,,,,,,,,,
Amber,Brown,Female,Native American,No,No,Single,2,"Python, SQL",Associate,Math,"1234 Oak St, Riverview, TX 75001",Yes,2,,,,,,,,,,,,
Julian,Garcia,Male,Native American,No,No,Single,3,"JavaScript, HTML/CSS",Bachelor,Computer Science,"456 Elm St, Anytown, IL 60123",Yes,2,,,,,,,,,,,,
Taylor,White,Female,Native American,No,No,Single,2,"Ruby, R",Bachelor,Biology,"789 Oak St, Smallville, KS 67005",Yes,1,,,,,,,,,,,,
Lucas,Young,Male,Native American,Yes,No,Single,2,"Java, SQL",Associate,Engineering,"9012 Maple St, Sunnyville, CA 94001",Yes,1,,,,,,,,,,,,
Brooke,Wounded Arrow,Female,Native American,No,No,Single,2,"Python, SQL",Associate,Math,"1234 Oak St, Riverview, TX 75001",Yes,2,,,,,,,,,,,,
Easton,Many Horses,Male,Native American,No,No,Single,3,"JavaScript, HTML/CSS",Bachelor,Computer Science,"456 Elm St, Anytown, IL 60123",Yes,2,,,,,,,,,,,,
Sydney,Rising Sun,Female,Native American,No,No,Single,2,"Ruby, R",Bachelor,Biology,"789 Oak St, Smallville, KS 67005",Yes,1,,,,,,,,,,,,
Owen,Little Wolf,Male,Native American,Yes,No,Single,2,"Java, SQL",Associate,Engineering,"9012 Maple St, Sunnyville, CA 94001",Yes,1,,,,,,,,,,,,
Ava,Greyeyes,Female,Native American,No,No,Single,3,"Ruby, R",Bachelor,Biology,"456 Elm St, Anytown, IL 60123",Yes,2,,,,,,,,,,,,
Ethan,Bear Claw,Male,Native American,No,No,Single,4,"Python, Java",Bachelor,Computer Science,"234 Spruce St, Mountainview, CO 80301",Yes,3,,,,,,,,,,,,
Julia,Deer Runner,Female,Native American,No,No,Single,2,"Python, SQL",Associate,Math,"789 Oak St, Smallville, KS 67005",Yes,1,,,,,,,,,,,,
Gabriel,Red Feather,Male,Native American,No,No,Single,3,"JavaScript, HTML/CSS",Bachelor,Computer Science,"1234 Oak St, Riverview, TX 75001",Yes,2,,,,,,,,,,,,
Isabella,Blue Bird,Female,Native American,No,No,Single,2,"SQL, Ruby",Bachelor,Math,"345 Cypress St, Lakeside, MI 49001",Yes,2,,,,,,,,,,,,
Michael,Strong Eagle,Male,Native American,No,No,Single,4,"Java, C++",Bachelor,Physics,"901 Cedar St, Suburbiaville, OH 43001",No,3,,,,,,,,,,,,
Sophia,White Dove,Female,Native American,No,No,Single,2,"Python, SQL",Associate,Math,"1234 Oak St, Riverview, TX 75001",Yes,2,,,,,,,,,,,,
William,Grey Wolf,Male,Native American,No,No,Single,3,"JavaScript, HTML/CSS",Bachelor,Computer Science,"456 Elm St, Anytown, IL 60123",Yes,2,,,,,,,,,,,,
Emily,Rising Sun,Female,Native American,No,No,Single,2,"Ruby, R",Bachelor,Biology,"789 Oak St, Smallville, KS 67005",Yes,1,,,,,,,,,,,,
Logan,Little Crow,Male,Native American,Yes,No,Single,2,"Java, SQL",Associate,Engineering,"9012 Maple St, Sunnyville, CA 94001",Yes,1,,,,,,,,,,,,
Madison,Bear Paw,Female,Native American,No,No,Single,3,"Ruby, R",Bachelor,Biology,"456 Elm St, Anytown, IL 60123",Yes,2,,,,,,,,,,,,
Alexander,Many Horses,Male,Native American,No,No,Single,4,"Python, Java",Bachelor,Computer Science,"234 Spruce St, Mountainview, CO 80301",Yes,3,,,,,,,,,,,,
Abigail,Deer Runner,Female,Native American,No,No,Single,2,"Python, SQL",Associate,Math,"789 Oak St, Smallville, KS 67005",Yes,1,,,,,,,,,,,,
Christopher,Red Feather,Male,Native American,No,No,Single,3,"JavaScript, HTML/CSS",Bachelor,Computer Science,"1234 Oak St, Riverview, TX 75001",Yes,2,,,,,,,,,,,,
Elizabeth,Blue Bird,Female,Native American,No,No,Single,2,"SQL, Ruby",Bachelor,Math,"345 Cypress St, Lakeside, MI 49001",Yes,2,,,,,,,,,,,,
Matthew,Strong Eagle,Male,Native American,No,No,Single,4,"Java, C++",Bachelor,Physics,"901 Cedar St, Suburbiaville, OH 43001",No,3,,,,,,,,,,,,
Joseph,Grey Wolf,Male,Native American,No,No,Single,3,"JavaScript, HTML/CSS",Bachelor,Computer Science,"456 Elm St, Anytown, IL 60123",Yes,2,,,,,,,,,,,,
Sarah,Rising Sun,Female,Native American,No,No,Single,2,"Ruby, R",Bachelor,Biology,"789 Oak St, Smallville, KS 67005",Yes,1,,,,,,,,,,,,
Andrew,Little Crow,Male,Native American,Yes,No,Single,2,"Java, SQL",Associate,Engineering,"9012 Maple St, Sunnyville, CA 94001",Yes,1,,,,,,,,,,,,
Olivia,Bear Paw,Female,Native American,No,No,Single,3,"Ruby, R",Bachelor,Biology,"456 Elm St, Anytown, IL 60123",Yes,2,,,,,,,,,,,,
Daniel,Many Horses,Male,Native American,No,No,Single,4,"Python, Java",Bachelor,Computer Science,"234 Spruce St, Mountainview, CO 80301",Yes,3,,,,,,,,,,,,
Grace,Deer Runner,Female,Native American,No,No,Single,2,"Python, SQL",Associate,Math,"789 Oak St, Smallville, KS 67005",Yes,1,,,,,,,,,,,,
Anthony,Red Feather,Male,Native American,No,No,Single,3,"JavaScript, HTML/CSS",Bachelor,Computer Science,"1234 Oak St, Riverview, TX 75001",Yes,2,,,,,,,,,,,,
Hannah,Blue Bird,Female,Native American,No,No,Single,2,"SQL, Ruby",Bachelor,Math,"345 Cypress St, Lakeside, MI 49001",Yes,2,,,,,,,,,,,,
Brian,Strong Eagle,Male,Native American,No,No,Single,4,"Java, C++",Bachelor,Physics,"901 Cedar St, Suburbiaville, OH 43001",No,3,,,,,,,,,,,,
Rebecca,Greyeyes,Female,Native American,No,No,Single,3,"Ruby, R",Bachelor,Biology,"456 Elm St, Anytown, IL 60123",Yes,2,,,,,,,,,,,,
Kevin,Little Wolf,Male,Native American,Yes,No,Single,2,"Java, SQL",Associate,Engineering,"9012 Maple St, Sunnyville, CA 94001",Yes,1,,,,,,,,,,,,
Stephanie,White Dove,Female,Native American,No,No,Single,2,"Python, SQL",Associate,Math,"1234 Oak St, Riverview, TX 75001",Yes,2,,,,,,,,,,,,
Justin,Bear Claw,Male,Native American,No,No,Single,4,"Python, Java",Bachelor,Computer Science,"234 Spruce St, Mountainview, CO 80301",Yes,3,,,,,,,,,,,,
Rachel,Rising Sun,Female,Native American,No,No,Single,2,"Ruby, R",Bachelor,Biology,"789 Oak St, Smallville, KS 67005",Yes,1,,,,,,,,,,,,
Adam,Grey Wolf,Male,Native American,No,No,Single,3,"JavaScript, HTML/CSS",Bachelor,Computer Science,"456 Elm St, Anytown, IL 60123",Yes,2,,,,,,,,,,,,
Christina,Little Crow,Female,Native American,No,No,Single,2,"SQL, Ruby",Bachelor,Math,"345 Cypress St, Lakeside, MI 49001",Yes,2,,,,,,,,,,,,
Nicholas,Many Horses,Male,Native American,No,No,Single,4,"Java, C++",Bachelor,Physics,"901 Cedar St, Suburbiaville, OH 43001",No,3,,,,,,,,,,,,
Amanda,Deer Runner,Female,Native American,No,No,Single,2,"Python, SQL",Associate,Math,"789 Oak St, Smallville, KS 67005",Yes,1,,,,,,,,,,,,
Tyler,Red Feather,Male,Native American,No,No,Single,3,"JavaScript, HTML/CSS",Bachelor,Computer Science,"1234 Oak St, Riverview, TX 75001",Yes,2,,,,,,,,,,,,
Lauren,Blue Bird,Female,Native American,No,No,Single,2,"Ruby, R",Bachelor,Biology,"456 Elm St, Anytown, IL 60123",Yes,2,,,,,,,,,,,,
Ryan,Strong Eagle,Male,Native American,No,No,Single,4,"Python, Java",Bachelor,Computer Science,"234 Spruce St, Mountainview, CO 80301",Yes,3,,,,,,,,,,,,
Emily,Smith,Female,White,No,No,Single,2,"Python, SQL",Associate,Math,"1234 Oak St, Riverview, TX 75001",Yes,2,,,,,,,,,,,,
James,Johnson,Male,White,No,No,Single,3,"JavaScript, HTML/CSS",Bachelor,Computer Science,"456 Elm St, Anytown, IL 60123",Yes,2,,,,,,,,,,,,
Sarah,Williams,Female,White,No,No,Single,2,"Ruby, R",Bachelor,Biology,"789 Oak St, Smallville, KS 67005",Yes,1,,,,,,,,,,,,
Michael,Brown,Male,White,Yes,No,Single,2,"Java, SQL",Associate,Engineering,"9012 Maple St, Sunnyville, CA 94001",Yes,1,,,,,,,,,,,,
Elizabeth,Davis,Female,White,No,No,Single,3,"Ruby, R",Bachelor,Biology,"456 Elm St, Anytown, IL 60123",Yes,2,,,,,,,,,,,,
Thomas,Miller,Male,White,No,No,Single,4,"Python, Java",Bachelor,Computer Science,"234 Spruce St, Mountainview, CO 80301",Yes,3,,,,,,,,,,,,
Jessica,Wilson,Female,White,No,No,Single,2,"Python, SQL",Associate,Math,"789 Oak St, Smallville, KS 67005",Yes,1,,,,,,,,,,,,
Christopher,Anderson,Male,White,No,No,Single,3,"JavaScript, HTML/CSS",Bachelor,Computer Science,"1234 Oak St, Riverview, TX 75001",Yes,2,,,,,,,,,,,,
Rebecca,Thomas,Female,White,No,No,Single,2,"SQL, Ruby",Bachelor,Math,"345 Cypress St, Lakeside, MI 49001",Yes,2,,,,,,,,,,,,
Matthew,Jackson,Male,White,No,No,Single,4,"Java, C++",Bachelor,Physics,"901 Cedar St, Suburbiaville, OH 43001",No,3,,,,,,,,,,,,
Jennifer,White,Female,White,No,No,Single,2,"Python, SQL",Associate,Math,"1234 Oak St, Riverview, TX 75001",Yes,2,,,,,,,,,,,,
Daniel,Harris,Male,White,No,No,Single,3,"JavaScript, HTML/CSS",Bachelor,Computer Science,"456 Elm St, Anytown, IL 60123",Yes,2,,,,,,,,,,,,
Katherine,Lewis,Female,White,No,No,Single,2,"Ruby, R",Bachelor,Biology,"789 Oak St, Smallville, KS 67005",Yes,1,,,,,,,,,,,,
Alexander,Martin,Male,White,Yes,No,Single,2,"Java, SQL",Associate,Engineering,"9012 Maple St, Sunnyville, CA 94001",Yes,1,,,,,,,,,,,,
Abigail,Thompson,Female,White,No,No,Single,3,"Ruby, R",Bachelor,Biology,"456 Elm St, Anytown, IL 60123",Yes,2,,,,,,,,,,,,
Nicholas,Garcia,Male,White,No,No,Single,4,"Python, Java",Bachelor,Computer Science,"234 Spruce St, Mountainview, CO 80301",Yes,3,,,,,,,,,,,,
Samantha,Walker,Female,White,No,No,Single,2,"Python, SQL",Associate,Math,"789 Oak St, Smallville, KS 67005",Yes,1,,,,,,,,,,,,
Andrew,Hall,Male,White,No,No,Single,3,"JavaScript, HTML/CSS",Bachelor,Computer Science,"1234 Oak St, Riverview, TX 75001",Yes,2,,,,,,,,,,,,
Melissa,Allen,Female,White,No,No,Single,2,"SQL, Ruby",Bachelor,Math,"345 Cypress St, Lakeside, MI 49001",Yes,2,,,,,,,,,,,,
Joseph,Phillips,Male,White,No,No,Single,4,"Java, C++",Bachelor,Physics,"901 Cedar St, Suburbiaville, OH 43001",No,3,,,,,,,,,,,,
Stephanie,Scott,Female,White,No,No,Single,2,"Python, SQL",Associate,Math,"1234 Oak St, Riverview, TX 75001",Yes,2,,,,,,,,,,,,
Kevin,Davis,Male,White,No,No,Single,3,"JavaScript, HTML/CSS",Bachelor,Computer Science,"456 Elm St, Anytown, IL 60123",Yes,2,,,,,,,,,,,,
Rachel,Mitchell,Female,White,No,No,Single,2,"Ruby, R",Bachelor,Biology,"789 Oak St, Smallville, KS 67005",Yes,1,,,,,,,,,,,,
Eric,Parker,Male,White,Yes,No,Single,2,"Java, SQL",Associate,Engineering,"9012 Maple St, Sunnyville, CA 94001",Yes,1,,,,,,,,,,,,
Lauren,Taylor,Female,White,No,No,Single,3,"Ruby, R",Bachelor,Biology,"456 Elm St, Anytown, IL 60123",Yes,2,,,,,,,,,,,,
Brian,Moore,Male,White,No,No,Single,4,"Python, Java",Bachelor,Computer Science,"234 Spruce St, Mountainview, CO 80301",Yes,3,,,,,,,,,,,,
Emily,Johnson,Female,White,No,No,Single,2,"Python, SQL",Associate,Math,"789 Oak St, Smallville, KS 67005",Yes,1,,,,,,,,,,,,
David,Williams,Male,White,No,No,Single,3,"JavaScript, HTML/CSS",Bachelor,Computer Science,"1234 Oak St, Riverview, TX 75001",Yes,2,,,,,,,,,,,,
Sarah,Brown,Female,White,No,No,Single,2,"SQL, Ruby",Bachelor,Math,"345 Cypress St, Lakeside, MI 49001",Yes,2,,,,,,,,,,,,
Michael,Davis,Male,White,No,No,Single,4,"Java, C++",Bachelor,Physics,"901 Cedar St, Suburbiaville, OH 43001",No,3,,,,,,,,,,,,
Jessica,Miller,Female,White,No,No,Single,2,"Python, SQL",Associate,Math,"1234 Oak St, Riverview, TX 75001",Yes,2,,,,,,,,,,,,
Thomas,Wilson,Male,White,No,No,Single,3,"JavaScript, HTML/CSS",Bachelor,Computer Science,"456 Elm St, Anytown, IL 60123",Yes,2,,,,,,,,,,,,
Rebecca,Anderson,Female,White,No,No,Single,2,"Ruby, R",Bachelor,Biology,"789 Oak St, Smallville, KS 67005",Yes,1,,,,,,,,,,,,
Christopher,Thomas,Male,White,Yes,No,Single,2,"Java, SQL",Associate,Engineering,"9012 Maple St, Sunnyville, CA 94001",Yes,1,,,,,,,,,,,,
Amanda,Jackson,Female,White,No,No,Single,3,"Ruby, R",Bachelor,Biology,"456 Elm St, Anytown, IL 60123",Yes,2,,,,,,,,,,,,
Matthew,White,Male,White,No,No,Single,4,"Python, Java",Bachelor,Computer Science,"234 Spruce St, Mountainview, CO 80301",Yes,3,,,,,,,,,,,,
Jennifer,Harris,Female,White,No,No,Single,2,"Python, SQL",Associate,Math,"789 Oak St, Smallville, KS 67005",Yes,1,,,,,,,,,,,,
Daniel,Lewis,Male,White,No,No,Single,3,"JavaScript, HTML/CSS",Bachelor,Computer Science,"1234 Oak St, Riverview, TX 75001",Yes,2,,,,,,,,,,,,
Katherine,Martin,Female,White,No,No,Single,2,"SQL, Ruby",Bachelor,Math,"345 Cypress St, Lakeside, MI 49001",Yes,2,,,,,,,,,,,,
Alexander,Garcia,Male,White,No,No,Single,4,"Java, C++",Bachelor,Physics,"901 Cedar St, Suburbiaville, OH 43001",No,3,,,,,,,,,,,,
Abigail,Walker,Female,White,No,No,Single,2,"Python, SQL",Associate,Math,"1234 Oak St, Riverview, TX 75001",Yes,2,,,,,,,,,,,,
Nicholas,Hall,Male,White,No,No,Single,3,"JavaScript, HTML/CSS",Bachelor,Computer Science,"456 Elm St, Anytown, IL 60123",Yes,2,,,,,,,,,,,,
Samantha,Allen,Female,White,No,No,Single,2,"Ruby, R",Bachelor,Biology,"789 Oak St, Smallville, KS 67005",Yes,1,,,,,,,,,,,,
Andrew,Phillips,Male,White,Yes,No,Single,2,"Java, SQL",Associate,Engineering,"9012 Maple St, Sunnyville, CA 94001",Yes,1,,,,,,,,,,,,
Melissa,Scott,Female,White,No,No,Single,3,"Ruby, R",Bachelor,Biology,"456 Elm St, Anytown, IL 60123",Yes,2,,,,,,,,,,,,
Joseph,Davis,Male,White,No,No,Single,4,"Python, Java",Bachelor,Computer Science,"234 Spruce St, Mountainview, CO 80301",Yes,3,,,,,,,,,,,,
Stephanie,Mitchell,Female,White,No,No,Single,2,"Python, SQL",Associate,Math,"789 Oak St, Smallville, KS 67005",Yes,1,,,,,,,,,,,,
Kevin,Parker,Male,White,No,No,Single,3,"JavaScript, HTML/CSS",Bachelor,Computer Science,"1234 Oak St, Riverview, TX 75001",Yes,2,,,,,,,,,,,,
Rachel,Taylor,Female,White,No,No,Single,2,"SQL, Ruby",Bachelor,Math,"345 Cypress St, Lakeside, MI 49001",Yes,2,,,,,,,,,,,,
Eric,Moore,Male,White,No,No,Single,4,"Java, C++",Bachelor,Physics,"901 Cedar St, Suburbiaville, OH 43001",No,3,,,,,,,,,,,,
Lauren,Johnson,Female,White,No,No,Single,2,"Python, SQL",Associate,Math,"1234 Oak St, Riverview, TX 75001",Yes,2,,,,,,,,,,,,
Brian,Williams,Male,White,No,No,Single,3,"JavaScript, HTML/CSS",Bachelor,Computer Science,"456 Elm St, Anytown, IL 60123",Yes,2,,,,,,,,,,,,
Emily,Brown,Female,White,No,No,Single,2,"Ruby, R",Bachelor,Biology,"789 Oak St, Smallville, KS 67005",Yes,1,,,,,,,,,,,,
David,Davis,Male,White,No,No,Single,4,"Python, Java",Bachelor,Computer Science,"234 Spruce St, Mountainview, CO 80301",Yes,3,,,,,,,,,,,,
Sarah,Miller,Female,White,No,No,Single,2,"Python, SQL",Associate,Math,"789 Oak St, Smallville, KS 67005",Yes,1,,,,,,,,,,,,
Michael,Wilson,Male,White,No,No,Single,3,"JavaScript, HTML/CSS",Bachelor,Computer Science,"1234 Oak St, Riverview, TX 75001",Yes,2,,,,,,,,,,,,
Jessica,Anderson,Female,White,No,No,Single,2,"SQL, Ruby",Bachelor,Math,"345 Cypress St, Lakeside, MI 49001",Yes,2,,,,,,,,,,,,
Thomas,Thomas,Male,White,Yes,No,Single,2,"Java, SQL",Associate,Engineering,"9012 Maple St, Sunnyville, CA 94001",Yes,1,,,,,,,,,,,,
Rebecca,Jackson,Female,White,No,No,Single,3,"Ruby, R",Bachelor,Biology,"456 Elm St, Anytown, IL 60123",Yes,2,,,,,,,,,,,,
Christopher,White,Male,White,No,No,Single,4,"Python, Java",Bachelor,Computer Science,"234 Spruce St, Mountainview, CO 80301",Yes,3,,,,,,,,,,,,
Amanda,Harris,Female,White,No,No,Single,2,"Python, SQL",Associate,Math,"1234 Oak St, Riverview, TX 75001",Yes,2,,,,,,,,,,,,
Daniel,Lewis,Male,White,No,No,Single,3,"JavaScript, HTML/CSS",Bachelor,Computer Science,"456 Elm St, Anytown, IL 60123",Yes,2,,,,,,,,,,,,
Katherine,Martin,Female,White,No,No,Single,2,"SQL, Ruby",Bachelor,Math,"345 Cypress St, Lakeside, MI 49001",Yes,2,,,,,,,,,,,,
Alexander,Garcia,Male,White,No,No,Single,4,"Java, C++",Bachelor,Physics,"901 Cedar St, Suburbiaville, OH 43001",No,3,,,,,,,,,,,,
Abigail,Walker,Female,White,No,No,Single,2,"Python, SQL",Associate,Math,"789 Oak St, Smallville, KS 67005",Yes,1,,,,,,,,,,,,
Nicholas,Hall,Male,White,No,No,Single,3,"JavaScript, HTML/CSS",Bachelor,Computer Science,"1234 Oak St, Riverview, TX 75001",Yes,2,,,,,,,,,,,,
Samantha,Allen,Female,White,No,No,Single,2,"Ruby, R",Bachelor,Biology,"456 Elm St, Anytown, IL 60123",Yes,2,,,,,,,,,,,,
Andrew,Phillips,Male,White,Yes,No,Single,2,"Java, SQL",Associate,Engineering,"9012 Maple St, Sunnyville, CA 94001",Yes,1,,,,,,,,,,,,
Melissa,Scott,Female,White,No,No,Single,3,"Ruby, R",Bachelor,Biology,"789 Oak St, Smallville, KS 67005",Yes,1,,,,,,,,,,,,
Joseph,Mitchell,Male,White,No,No,Single,2,"Python, SQL",Associate,Math,"1234 Oak St, Riverview, TX 75001",Yes,2,,,,,,,,,,,,
Stephanie,Parker,Female,White,No,No,Single,3,"JavaScript, HTML/CSS",Bachelor,Computer Science,"456 Elm St, Anytown, IL 60123",Yes,2,,,,,,,,,,,,
Kevin,Taylor,Male,White,No,No,Single,4,"Python, Java",Bachelor,Computer Science,"234 Spruce St, Mountainview, CO 80301",Yes,3,,,,,,,,,,,,
Rachel,Johnson,Female,White,No,No,Single,2,"SQL, Ruby",Bachelor,Math,"345 Cypress St, Lakeside, MI 49001",Yes,2,,,,,,,,,,,,
Eric,Moore,Male,White,No,No,Single,3,"JavaScript, HTML/CSS",Bachelor,Computer Science,"1234 Oak St, Riverview, TX 75001",Yes,2,,,,,,,,,,,,
Lauren,Williams,Female,White,No,No,Single,2,"Python, SQL",Associate,Math,"789 Oak St, Smallville, KS 67005",Yes,1,,,,,,,,,,,,
Brian,Brown,Male,White,No,No,Single,4,"Java, C++",Bachelor,Physics,"901 Cedar St, Suburbiaville, OH 43001",No,3,,,,,,,,,,,,
Emily,Davis,Female,White,No,No,Single,2,"Ruby, R",Bachelor,Biology,"456 Elm St, Anytown, IL 60123",Yes,2,,,,,,,,,,,,
David,Miller,Male,White,No,No,Single,3,"JavaScript, HTML/CSS",Bachelor,Computer Science,"1234 Oak St, Riverview, TX 75001",Yes,2,,,,,,,,,,,,
Sarah,Anderson,Female,White,No,No,Single,2,"SQL, Ruby",Bachelor,Math,"345 Cypress St, Lakeside, MI 49001",Yes,2,,,,,,,,,,,,
Michael,Thomas,Male,White,Yes,No,Single,2,"Java, SQL",Associate,Engineering,"9012 Maple St, Sunnyville, CA 94001",Yes,1,,,,,,,,,,,,
Jessica,Jackson,Female,White,No,No,Single,3,"Ruby, R",Bachelor,Biology,"456 Elm St, Anytown, IL 60123",Yes,2,,,,,,,,,,,,
Thomas,White,Male,White,No,No,Single,4,"Python, Java",Bachelor,Computer Science,"234 Spruce St, Mountainview, CO 80301",Yes,3,,,,,,,,,,,,
Rebecca,Harris,Female,White,No,No,Single,2,"Python, SQL",Associate,Math,"1234 Oak St, Riverview, TX 75001",Yes,2,,,,,,,,,,,,
Christopher,Lewis,Male,White,No,No,Single,3,"JavaScript, HTML/CSS",Bachelor,Computer Science,"456 Elm St, Anytown, IL 60123",Yes,2,,,,,,,,,,,,
Amanda,Martin,Female,White,No,No,Single,2,"SQL, Ruby",Bachelor,Math,"345 Cypress St, Lakeside, MI 49001",Yes,2,,,,,,,,,,,,
Daniel,Garcia,Male,White,No,No,Single,4,"Java, C++",Bachelor,Physics,"901 Cedar St, Suburbiaville, OH 43001",No,3,,,,,,,,,,,,
Katherine,Walker,Female,White,No,No,Single,2,"Python, SQL",Associate,Math,"789 Oak St, Smallville, KS 67005",Yes,1,,,,,,,,,,,,
Alexander,Hall,Male,White,No,No,Single,3,"JavaScript, HTML/CSS",Bachelor,Computer Science,"1234 Oak St, Riverview, TX 75001",Yes,2,,,,,,,,,,,,
Abigail,Allen,Female,White,No,No,Single,2,"Ruby, R",Bachelor,Biology,"456 Elm St, Anytown, IL 60123",Yes,2,,,,,,,,,,,,
Nicholas,Phillips,Male,White,Yes,No,Single,2,"Java, SQL",Associate,Engineering,"9012 Maple St, Sunnyville, CA 94001",Yes,1,,,,,,,,,,,,
Samantha,Scott,Female,White,No,No,Single,3,"Ruby, R",Bachelor,Biology,"789 Oak St, Smallville, KS 67005",Yes,1,,,,,,,,,,,,
Andrew,Mitchell,Male,White,No,No,Single,4,"Python, Java",Bachelor,Computer Science,"234 Spruce St, Mountainview, CO 80301",Yes,3,,,,,,,,,,,,